floor_area_m2,lot_area_m2,prelim_est_cost_total,prelim_est_cost,prelim_est_cost_equiv,planned_duration,unit_price_start,locality_1,locality_2,locality_3,locality_4,locality_5,locality_6,locality_7,locality_8,locality_9,locality_10,locality_11,locality_12,locality_13,locality_14,locality_15,locality_16,locality_17,locality_18,locality_19,locality_20,actual_construction_cost
0.7894429077073883,1.0091300455768337,0.4808146145765261,0.23904872706976613,1.6613049032004108,4.649178790708648,0.11250196680315788,1.0,0.0,0.0,0.0,0.0,0.0,0.0,0.0,0.0,0.0,0.0,0.0,0.0,0.0,0.0,0.0,0.0,0.0,0.0,0.0,410
3.261737487246583,1.4586441463957625,4.8190504150693725,2.1064973829387794,1.4901223476870111,7.992581599602688,1.8219263734902549,1.0,0.0,0.0,0.0,0.0,0.0,0.0,0.0,0.0,0.0,0.0,0.0,0.0,0.0,0.0,0.0,0.0,0.0,0.0,0.0,1000
1.7061364034915842,0.8456703725517688,0.27025514607011514,-0.561286411159811,0.4929102546824185,4.171549818009499,-0.46065798132133934,1.0,0.0,0.0,0.0,0.0,0.0,0.0,0.0,0.0,0.0,0.0,0.0,0.0,0.0,0.0,0.0,0.0,0.0,0.0,0.0,170
-0.5800416178126379,-0.4579205198231243,-0.5583008046854918,-1.2726954229194352,-0.34534920810167374,-1.0823688816811352,-0.9533744279546791,1.0,0.0,0.0,0.0,0.0,0.0,0.0,0.0,0.0,0.0,0.0,0.0,0.0,0.0,0.0,0.0,0.0,0.0,0.0,0.0,30
0.7061071353633706,0.7639405360392363,1.6029100100347413,2.1954235094087324,0.282053239141461,3.216291872611202,3.9335682876331393,1.0,0.0,0.0,0.0,0.0,0.0,0.0,0.0,0.0,0.0,0.0,0.0,0.0,0.0,0.0,0.0,0.0,0.0,0.0,0.0,700
0.42832122754997776,0.4370211899891064,1.2830728426832312,2.2843496358786854,0.3381434619877612,2.738662899912053,3.7324595339052458,1.0,0.0,0.0,0.0,0.0,0.0,0.0,0.0,0.0,0.0,0.0,0.0,0.0,0.0,0.0,0.0,0.0,0.0,0.0,0.0,700
0.04497667476749581,0.1346207948927362,1.4756858923549185,4.240724418217652,1.0539580774941422,2.2610339272129045,4.637448925680768,1.0,0.0,0.0,0.0,0.0,0.0,0.0,0.0,0.0,0.0,0.0,0.0,0.0,0.0,0.0,0.0,0.0,0.0,0.0,0.0,900
-0.32170072354618257,-0.09422274734235477,0.43905809550563446,2.9957586476383096,0.13198186419318425,-0.12711093628283812,4.23523141822498,1.0,0.0,0.0,0.0,0.0,0.0,0.0,0.0,0.0,0.0,0.0,0.0,0.0,0.0,0.0,0.0,0.0,0.0,0.0,0.0,600
0.21164821945553144,0.23269659870777518,-0.24521575531140227,-0.650212537629764,0.6468762784590883,-0.6047399089819867,-0.4003253552029712,1.0,0.0,0.0,0.0,0.0,0.0,0.0,0.0,0.0,0.0,0.0,0.0,0.0,0.0,0.0,0.0,0.0,0.0,0.0,0.0,110
0.7227742898321741,1.029562504704967,0.3326233937036597,0.06119647412986008,1.6487109920356995,-1.5599978543802837,0.4141650973949985,1.0,0.0,0.0,0.0,0.0,0.0,0.0,0.0,0.0,0.0,0.0,0.0,0.0,0.0,0.0,0.0,0.0,0.0,0.0,0.0,190
-0.5439294497968967,-0.46200701164875096,-0.4227253831914905,-0.383434158219905,1.0618565709124723,-0.12711093628283812,0.011947589939211,1.0,0.0,0.0,0.0,0.0,0.0,0.0,0.0,0.0,0.0,0.0,0.0,0.0,0.0,0.0,0.0,0.0,0.0,0.0,0.0,150
1.3061246962402988,0.7435080769111032,0.35980955292853795,-0.294508031749952,0.7452616596099958,0.3505180364163104,0.7158282279868392,1.0,0.0,0.0,0.0,0.0,0.0,0.0,0.0,0.0,0.0,0.0,0.0,0.0,0.0,0.0,0.0,0.0,0.0,0.0,0.0,190
1.833917921085745,2.2759425115210874,-0.13576036915110765,-1.0059170435095761,0.41297895723240247,-1.5599978543802837,-0.4908242943805234,1.0,0.0,0.0,0.0,0.0,0.0,0.0,0.0,0.0,0.0,0.0,0.0,0.0,0.0,0.0,0.0,0.0,0.0,0.0,0.0,130
1.2839018236152273,0.9478326681924344,1.5709262932995904,1.2172361182392493,0.7215297807678236,-0.12711093628283812,2.726915765265777,1.0,0.0,0.0,0.0,0.0,0.0,0.0,0.0,0.0,0.0,0.0,0.0,0.0,0.0,0.0,0.0,0.0,0.0,0.0,0.0,450
1.7505821487417272,1.3156169324988307,2.7123896061140917,1.9286451299988734,0.2168633694998498,-0.6047399089819867,3.0285788958576174,1.0,0.0,0.0,0.0,0.0,0.0,0.0,0.0,0.0,0.0,0.0,0.0,0.0,0.0,0.0,0.0,0.0,0.0,0.0,0.0,520
0.07275526554883509,0.11010184393897646,0.3758014112961135,1.1283099917692962,1.0259311653645826,-1.0823688816811352,2.2241438809460425,1.0,0.0,0.0,0.0,0.0,0.0,0.0,0.0,0.0,0.0,0.0,0.0,0.0,0.0,0.0,0.0,0.0,0.0,0.0,0.0,380
-0.14947346070187909,-0.09422274734235477,0.5328769979287441,2.3732757623486385,0.6508801230490255,-0.6047399089819867,3.631905157041299,1.0,0.0,0.0,0.0,0.0,0.0,0.0,0.0,0.0,0.0,0.0,0.0,0.0,0.0,0.0,0.0,0.0,0.0,0.0,0.0,590
7.745202039354742,6.158109745866381,12.225413087039179,2.6400541417584975,1.6600673512362483,-0.6047399089819867,1.9224807503542016,1.0,0.0,0.0,0.0,0.0,0.0,0.0,0.0,0.0,0.0,0.0,0.0,0.0,0.0,0.0,0.0,0.0,0.0,0.0,0.0,630
0.49498984542519203,0.49831856737350577,1.6053976324474755,2.7289802682284505,0.6186309748064416,-0.6047399089819867,2.8274701421297235,1.0,0.0,0.0,0.0,0.0,0.0,0.0,0.0,0.0,0.0,0.0,0.0,0.0,0.0,0.0,0.0,0.0,0.0,0.0,0.0,650
1.828362202929477,1.397346769011363,2.450123128885853,1.5729406241190613,1.0868260017188072,-0.6047399089819867,2.2241438809460425,1.0,0.0,0.0,0.0,0.0,0.0,0.0,0.0,0.0,0.0,0.0,0.0,0.0,0.0,0.0,0.0,0.0,0.0,0.0,0.0,450
0.05608811108003152,-0.0329253699579554,0.29530905751265013,0.9504577388293902,0.3499730028216661,-0.12711093628283812,2.62636138840183,1.0,0.0,0.0,0.0,0.0,0.0,0.0,0.0,0.0,0.0,0.0,0.0,0.0,0.0,0.0,0.0,0.0,0.0,0.0,0.0,300
1.0172273521143704,0.539183485629772,1.0620298225802982,0.8615316123594372,1.2065045563707435,0.3505180364163104,1.4197088660344672,1.0,0.0,0.0,0.0,0.0,0.0,0.0,0.0,0.0,0.0,0.0,0.0,0.0,0.0,0.0,0.0,0.0,0.0,0.0,0.0,360
-0.07724912467039699,-0.1555201247267541,0.6039519240068575,2.2843496358786854,0.452143837039423,-0.12711093628283812,3.8330139107691923,1.0,0.0,0.0,0.0,0.0,0.0,0.0,0.0,0.0,0.0,0.0,0.0,0.0,0.0,0.0,0.0,0.0,0.0,0.0,0.0,620
1.0950074063021202,0.8048054542955025,1.1267080053113816,0.8615316123594372,0.7110469876596248,-0.12711093628283812,1.5202632428984142,1.0,0.0,0.0,0.0,0.0,0.0,0.0,0.0,0.0,0.0,0.0,0.0,0.0,0.0,0.0,0.0,0.0,0.0,0.0,0.0,380
-0.15502917885814696,-0.11465520647048788,0.13876653282560536,1.0393838652993432,0.5389180688795132,-0.6047399089819867,2.726915765265777,1.0,0.0,0.0,0.0,0.0,0.0,0.0,0.0,0.0,0.0,0.0,0.0,0.0,0.0,0.0,0.0,0.0,0.0,0.0,0.0,370
-0.1383620243893434,-0.09422274734235477,-0.18817812713371626,-0.11665577881004595,0.6456023279077446,-0.6047399089819867,0.6152738511228922,1.0,0.0,0.0,0.0,0.0,0.0,0.0,0.0,0.0,0.0,0.0,0.0,0.0,0.0,0.0,0.0,0.0,0.0,0.0,0.0,190
2.889504370776637,2.766321530596282,0.27931719914507463,-0.8280647905696701,0.597483395654138,-0.6047399089819867,-0.500879732066918,1.0,0.0,0.0,0.0,0.0,0.0,0.0,0.0,0.0,0.0,0.0,0.0,0.0,0.0,0.0,0.0,0.0,0.0,0.0,0.0,90
0.5672141814566741,0.37572381260470705,0.052588184955892854,-0.294508031749952,1.318503009127437,-0.12711093628283812,0.21305634366710477,1.0,0.0,0.0,0.0,0.0,0.0,0.0,0.0,0.0,0.0,0.0,0.0,0.0,0.0,0.0,0.0,0.0,0.0,0.0,0.0,160
0.7283300079884419,0.49831856737350577,0.9838474038943735,1.1283099917692962,0.026826345826565012,-0.6047399089819867,3.8330139107691923,1.0,0.0,0.0,0.0,0.0,0.0,0.0,0.0,0.0,0.0,0.0,0.0,0.0,0.0,0.0,0.0,0.0,0.0,0.0,0.0,440
0.9394472979266204,0.9274002090643013,0.3896610218813457,-0.02772965234009293,1.2237938852818353,-1.0823688816811352,0.9169369817147329,1.0,0.0,0.0,0.0,0.0,0.0,0.0,0.0,0.0,0.0,0.0,0.0,0.0,0.0,0.0,0.0,0.0,0.0,0.0,0.0,180
0.48387840911265634,0.2735615169640414,0.47992617800054965,0.5947532329495782,-0.5065949493145929,1.783404954513756,1.0174913585786798,0.0,1.0,0.0,0.0,0.0,0.0,0.0,0.0,0.0,0.0,0.0,0.0,0.0,0.0,0.0,0.0,0.0,0.0,0.0,0.0,400
1.0394502247394417,1.1317248003456326,0.5048024021278893,0.06119647412986008,7.620481596513982,0.3505180364163104,-0.8427646134043375,0.0,1.0,0.0,0.0,0.0,0.0,0.0,0.0,0.0,0.0,0.0,0.0,0.0,0.0,0.0,0.0,0.0,0.0,0.0,0.0,145
-0.46059367745287894,-0.25768242036741973,0.04103850946819943,2.0175712564688264,0.73193977670166,-0.12711093628283812,1.5202632428984142,0.0,1.0,0.0,0.0,0.0,0.0,0.0,0.0,0.0,0.0,0.0,0.0,0.0,0.0,0.0,0.0,0.0,0.0,0.0,0.0,600
-0.5050394227030218,-0.3598447160080853,-0.043540652564755554,1.8397190035289204,1.3607617688448634,0.3505180364163104,1.3191544891705205,0.0,1.0,0.0,0.0,0.0,0.0,0.0,0.0,0.0,0.0,0.0,0.0,0.0,0.0,0.0,0.0,0.0,0.0,0.0,0.0,580
-0.5828194768907717,-0.3394122568799522,-0.5463957545674079,-1.1837692964494821,0.30967976681202675,-1.5599978543802837,-0.923208114895495,0.0,1.0,0.0,0.0,0.0,0.0,0.0,0.0,0.0,0.0,0.0,0.0,0.0,0.0,0.0,0.0,0.0,0.0,0.0,0.0,40
-0.31614500538991475,-0.25768242036741973,0.1799899899509111,1.8397190035289204,-0.2894045796040988,-0.6047399089819867,1.3191544891705205,0.0,1.0,0.0,0.0,0.0,0.0,0.0,0.0,0.0,0.0,0.0,0.0,0.0,0.0,0.0,0.0,0.0,0.0,0.0,0.0,480
-0.31614500538991475,-0.3394122568799522,-0.25285630986479946,-0.02772965234009293,0.5213739498581526,0.3505180364163104,-0.09866222461113057,0.0,1.0,0.0,0.0,0.0,0.0,0.0,0.0,0.0,0.0,0.0,0.0,0.0,0.0,0.0,0.0,0.0,0.0,0.0,0.0,230
0.6061042085505491,0.3961562717328401,-0.031457915131476256,-0.472360284689858,-0.06471610093426824,-0.12711093628283812,0.21305634366710477,0.0,1.0,0.0,0.0,0.0,0.0,0.0,0.0,0.0,0.0,0.0,0.0,0.0,0.0,0.0,0.0,0.0,0.0,0.0,0.0,170
-0.538373731640629,-0.46200701164875096,-0.39358466349946397,-0.20558190527999895,0.2258538205336176,-0.12711093628283812,-0.148939413043104,0.0,1.0,0.0,0.0,0.0,0.0,0.0,0.0,0.0,0.0,0.0,0.0,0.0,0.0,0.0,0.0,0.0,0.0,0.0,0.0,190
0.2894282736432814,0.539183485629772,0.7766639943766731,1.5729406241190613,1.0868260017188072,-1.5599978543802837,1.1180457354426268,0.0,1.0,0.0,0.0,0.0,0.0,0.0,0.0,0.0,0.0,0.0,0.0,0.0,0.0,0.0,0.0,0.0,0.0,0.0,0.0,430
2.1172595470554056,0.866102831679902,2.173641666441992,1.0393838652993432,1.4668636504781951,1.3057759818146075,0.11250196680315788,0.0,1.0,0.0,0.0,0.0,0.0,0.0,0.0,0.0,0.0,0.0,0.0,0.0,0.0,0.0,0.0,0.0,0.0,0.0,0.0,440
-0.10502771545173625,-0.053357829086088514,-0.30900550146650907,-0.561286411159811,0.7895223416223911,-0.6047399089819867,-0.3902699175165765,0.0,1.0,0.0,0.0,0.0,0.0,0.0,0.0,0.0,0.0,0.0,0.0,0.0,0.0,0.0,0.0,0.0,0.0,0.0,0.0,110
1.3894604685843166,0.8048054542955025,-0.281997029556826,-1.0948431699795291,0.8215894969290685,0.3505180364163104,-0.8930418018363109,0.0,1.0,0.0,0.0,0.0,0.0,0.0,0.0,0.0,0.0,0.0,0.0,0.0,0.0,0.0,0.0,0.0,0.0,0.0,0.0,160
-0.10502771545173625,0.3348588943484408,-0.19955011530621442,-0.20558190527999895,0.5260693676045336,-2.0376268270794324,-0.2696046652798403,0.0,1.0,0.0,0.0,0.0,0.0,0.0,0.0,0.0,0.0,0.0,0.0,0.0,0.0,0.0,0.0,0.0,0.0,0.0,0.0,160
1.4450176501469951,1.397346769011363,-0.42876675190813013,-1.2726954229194352,-0.484682999831483,-1.0823688816811352,-0.923208114895495,0.0,1.0,0.0,0.0,0.0,0.0,0.0,0.0,0.0,0.0,0.0,0.0,0.0,0.0,0.0,0.0,0.0,0.0,0.0,0.0,30
0.5449913088316027,0.3552913534765739,0.958260430506253,1.3950883711791553,0.30320081829376505,-0.12711093628283812,1.2186001123065735,0.0,1.0,0.0,0.0,0.0,0.0,0.0,0.0,0.0,0.0,0.0,0.0,0.0,0.0,0.0,0.0,0.0,0.0,0.0,0.0,490
-0.21058636042082549,-0.1555201247267541,-0.1028882158399802,0.3279748535397191,0.08124223366252774,-0.6047399089819867,0.6152738511228922,0.0,1.0,0.0,0.0,0.0,0.0,0.0,0.0,0.0,0.0,0.0,0.0,0.0,0.0,0.0,0.0,0.0,0.0,0.0,0.0,270
-0.26058782382723616,-0.19638504298302037,-0.24681494114815983,-0.11665577881004595,1.1703607592997665,-0.6047399089819867,-0.29977097833902433,0.0,1.0,0.0,0.0,0.0,0.0,0.0,0.0,0.0,0.0,0.0,0.0,0.0,0.0,0.0,0.0,0.0,0.0,0.0,0.0,210
-0.010580506795182734,0.028372007426443968,-0.2787986578833109,-0.561286411159811,0.8890724775630982,-0.6047399089819867,-0.46065798132133934,0.0,1.0,0.0,0.0,0.0,0.0,0.0,0.0,0.0,0.0,0.0,0.0,0.0,0.0,0.0,0.0,0.0,0.0,0.0,0.0,120
-0.5550408861094325,-0.48243947077688404,-0.18053757258031905,1.3061622447092023,1.235841817638828,-0.12711093628283812,0.7158282279868392,0.0,1.0,0.0,0.0,0.0,0.0,0.0,0.0,0.0,0.0,0.0,0.0,0.0,0.0,0.0,0.0,0.0,0.0,0.0,0.0,450
-0.7106009944849324,-0.6254666846738159,-0.47869688747800476,-0.294508031749952,1.3063094824217194,0.3505180364163104,-0.4003253552029712,0.0,1.0,0.0,0.0,0.0,0.0,0.0,0.0,0.0,0.0,0.0,0.0,0.0,0.0,0.0,0.0,0.0,0.0,0.0,0.0,160
-0.6217095039846467,-0.5437368481612834,-0.2574761800598768,1.2172361182392493,0.158116049789319,-0.12711093628283812,1.6208176197623612,0.0,1.0,0.0,0.0,0.0,0.0,0.0,0.0,0.0,0.0,0.0,0.0,0.0,0.0,0.0,0.0,0.0,0.0,0.0,0.0,460
0.7949986258636562,0.5596159447579051,0.37189229036181737,0.06119647412986008,0.5115827299063976,-0.12711093628283812,0.011947589939211,0.0,1.0,0.0,0.0,0.0,0.0,0.0,0.0,0.0,0.0,0.0,0.0,0.0,0.0,0.0,0.0,0.0,0.0,0.0,0.0,300
-0.7550467397350752,-0.6254666846738159,-0.5103252295827653,-0.472360284689858,0.1121082355922243,-0.6047399089819867,0.11250196680315788,0.0,1.0,0.0,0.0,0.0,0.0,0.0,0.0,0.0,0.0,0.0,0.0,0.0,0.0,0.0,0.0,0.0,0.0,0.0,0.0,140
-0.5772637587345039,-0.5437368481612834,-0.42325844513707633,-0.294508031749952,0.7859552800786289,0.828147009115459,-0.09866222461113057,0.0,1.0,0.0,0.0,0.0,0.0,0.0,0.0,0.0,0.0,0.0,0.0,0.0,0.0,0.0,0.0,0.0,0.0,0.0,0.0,190
0.228315373924335,-0.053357829086088514,0.8623092803007998,1.9286451299988734,0.2168633694998498,-0.6047399089819867,2.1235895040820956,0.0,0.0,1.0,0.0,0.0,0.0,0.0,0.0,0.0,0.0,0.0,0.0,0.0,0.0,0.0,0.0,0.0,0.0,0.0,0.0,530
3.2061803056839047,1.70383365593336,4.348179029801871,1.8397190035289204,0.9699865368670079,2.2610339272129045,0.7158282279868392,0.0,0.0,1.0,0.0,0.0,0.0,0.0,0.0,0.0,0.0,0.0,0.0,0.0,0.0,0.0,0.0,0.0,0.0,0.0,0.0,700
0.2060925012992636,0.1509667621952427,-0.3587579497211884,-0.9169909170396231,2.1986572457571434,2.2610339272129045,-0.792487424972364,0.0,0.0,1.0,0.0,0.0,0.0,0.0,0.0,0.0,0.0,0.0,0.0,0.0,0.0,0.0,0.0,0.0,0.0,0.0,0.0,180
1.5950220403662272,1.1725897186018988,4.158053602542918,3.7071676593979337,10.491929740655289,2.2610339272129045,0.21305634366710477,0.0,0.0,1.0,0.0,0.0,0.0,0.0,0.0,0.0,0.0,0.0,0.0,0.0,0.0,0.0,0.0,0.0,0.0,0.0,0.0,900
1.9283651297422986,0.7639405360392363,-0.21305435126105596,-1.0948431699795291,1.470394313434776,3.216291872611202,-0.9734853033274684,0.0,0.0,1.0,0.0,0.0,0.0,0.0,0.0,0.0,0.0,0.0,0.0,0.0,0.0,0.0,0.0,0.0,0.0,0.0,0.0,130
0.050532392923763665,-0.053357829086088514,0.5815633222922519,1.7507928770589674,-0.29002335558618003,-0.6047399089819867,2.324698257809989,0.0,0.0,1.0,0.0,0.0,0.0,0.0,0.0,0.0,0.0,0.0,0.0,0.0,0.0,0.0,0.0,0.0,0.0,0.0,0.0,450
-0.12725058807680767,-0.1555201247267541,0.8566232862145506,3.3514631535181216,0.30396518862457095,-0.12711093628283812,3.2296876495855114,0.0,0.0,1.0,0.0,0.0,0.0,0.0,0.0,0.0,0.0,0.0,0.0,0.0,0.0,0.0,0.0,0.0,0.0,0.0,0.0,650
0.7616643169260491,0.4370211899891064,2.6121739603439518,3.7071676593979337,0.3398541955852794,0.3505180364163104,3.531350780177352,0.0,0.0,1.0,0.0,0.0,0.0,0.0,0.0,0.0,0.0,0.0,0.0,0.0,0.0,0.0,0.0,0.0,0.0,0.0,0.0,700
0.29498399179954926,0.028372007426443968,-0.3015426342283072,-0.8280647905696701,0.05467126502021843,0.3505180364163104,-0.470713419007734,0.0,0.0,1.0,0.0,0.0,0.0,0.0,0.0,0.0,0.0,0.0,0.0,0.0,0.0,0.0,0.0,0.0,0.0,0.0,0.0,80
-0.3550350324837897,-0.298547338623686,-0.31149312387924305,-0.20558190527999895,0.8103787320772446,-0.6047399089819867,0.4141650973949985,0.0,0.0,1.0,0.0,0.0,0.0,0.0,0.0,0.0,0.0,0.0,0.0,0.0,0.0,0.0,0.0,0.0,0.0,0.0,0.0,180
0.4449883820187813,0.2735615169640414,0.7660027554649561,1.2172361182392493,0.6130983895548923,-0.12711093628283812,0.7158282279868392,0.0,0.0,1.0,0.0,0.0,0.0,0.0,0.0,0.0,0.0,0.0,0.0,0.0,0.0,0.0,0.0,0.0,0.0,0.0,0.0,330
1.300568978084031,1.2543195551144313,1.0083682533913225,0.5058271064796251,0.2911892845239537,-1.0823688816811352,0.7158282279868392,0.0,0.0,1.0,0.0,0.0,0.0,0.0,0.0,0.0,0.0,0.0,0.0,0.0,0.0,0.0,0.0,0.0,0.0,0.0,0.0,290
2.3728225822437268,1.8264284107021587,2.6157277066478573,1.2172361182392493,0.7215297807678236,-0.6047399089819867,1.721371996626308,0.0,0.0,1.0,0.0,0.0,0.0,0.0,0.0,0.0,0.0,0.0,0.0,0.0,0.0,0.0,0.0,0.0,0.0,0.0,0.0,400
-0.5050394227030218,-0.3394122568799522,-0.49522180779116615,-0.9169909170396231,0.327769864641106,-1.0823688816811352,-0.46065798132133934,0.0,0.0,1.0,0.0,0.0,0.0,0.0,0.0,0.0,0.0,0.0,0.0,0.0,0.0,0.0,0.0,0.0,0.0,0.0,0.0,90
-0.32170072354618257,-0.25768242036741973,-0.4396056781350424,-0.8280647905696701,0.597483395654138,-0.6047399089819867,-0.470713419007734,0.0,0.0,1.0,0.0,0.0,0.0,0.0,0.0,0.0,0.0,0.0,0.0,0.0,0.0,0.0,0.0,0.0,0.0,0.0,0.0,90
1.261678950990156,0.9274002090643013,0.12810529391388834,-0.561286411159811,0.7144320562674809,-0.6047399089819867,-0.5511569204988915,0.0,0.0,1.0,0.0,0.0,0.0,0.0,0.0,0.0,0.0,0.0,0.0,0.0,0.0,0.0,0.0,0.0,0.0,0.0,0.0,110
0.839444371113799,0.41658873086097326,0.6263405257214633,0.41690098000967213,0.5863818265638577,0.3505180364163104,1.2186001123065735,0.0,0.0,1.0,0.0,0.0,0.0,0.0,0.0,0.0,0.0,0.0,0.0,0.0,0.0,0.0,0.0,0.0,0.0,0.0,0.0,290
-0.19391920595202194,-0.135087665598621,-0.3864771708916526,-0.7391386640997171,0.6604529514776931,-0.6047399089819867,-0.46065798132133934,0.0,0.0,1.0,0.0,0.0,0.0,0.0,0.0,0.0,0.0,0.0,0.0,0.0,0.0,0.0,0.0,0.0,0.0,0.0,0.0,100
0.24498252839313858,0.11010184393897646,0.3813097180671673,0.7726054858894842,1.0934869431729752,-0.12711093628283812,0.4141650973949985,0.0,0.0,1.0,0.0,0.0,0.0,0.0,0.0,0.0,0.0,0.0,0.0,0.0,0.0,0.0,0.0,0.0,0.0,0.0,0.0,340
0.050532392923763665,-0.053357829086088514,-0.2269139618462881,-0.472360284689858,0.7252060380731294,-0.12711093628283812,-0.1690502884158934,0.0,0.0,1.0,0.0,0.0,0.0,0.0,0.0,0.0,0.0,0.0,0.0,0.0,0.0,0.0,0.0,0.0,0.0,0.0,0.0,140
-0.6383766584534503,-0.5641693072894165,-0.5517263740232663,-1.1837692964494821,0.2819804419670986,-0.12711093628283812,-0.8528200510907321,0.0,0.0,1.0,0.0,0.0,0.0,0.0,0.0,0.0,0.0,0.0,0.0,0.0,0.0,0.0,0.0,0.0,0.0,0.0,0.0,70
0.2172039376117993,0.08966938481084333,0.43443822531055704,0.9504577388293902,0.3499730028216661,-0.12711093628283812,1.8219263734902549,0.0,0.0,1.0,0.0,0.0,0.0,0.0,0.0,0.0,0.0,0.0,0.0,0.0,0.0,0.0,0.0,0.0,0.0,0.0,0.0,300
1.8783636663358878,1.1317248003456326,1.9597061389468706,1.0393838652993432,-0.1780249028294866,0.3505180364163104,1.721371996626308,0.0,0.0,1.0,0.0,0.0,0.0,0.0,0.0,0.0,0.0,0.0,0.0,0.0,0.0,0.0,0.0,0.0,0.0,0.0,0.0,410
0.767220035082317,0.539183485629772,0.7988749087760835,0.7726054858894842,0.6060734622289116,-0.6047399089819867,1.5202632428984142,0.0,0.0,1.0,0.0,0.0,0.0,0.0,0.0,0.0,0.0,0.0,0.0,0.0,0.0,0.0,0.0,0.0,0.0,0.0,0.0,340
0.1672024742053886,0.04880446655457709,0.06662548285632021,0.1501226005998131,0.04062141036825748,-0.12711093628283812,0.7158282279868392,0.0,0.0,1.0,0.0,0.0,0.0,0.0,0.0,0.0,0.0,0.0,0.0,0.0,0.0,0.0,0.0,0.0,0.0,0.0,0.0,260
1.7283592761166557,1.029562504704967,1.9973758497682708,1.2172361182392493,-0.046626003105188954,0.3505180364163104,2.2241438809460425,0.0,0.0,1.0,0.0,0.0,0.0,0.0,0.0,0.0,0.0,0.0,0.0,0.0,0.0,0.0,0.0,0.0,0.0,0.0,0.0,430
1.3116804143965666,0.9682651273205676,1.37955705483427,0.9504577388293902,0.3694826455508135,-0.6047399089819867,1.1180457354426268,0.0,0.0,1.0,0.0,0.0,0.0,0.0,0.0,0.0,0.0,0.0,0.0,0.0,0.0,0.0,0.0,0.0,0.0,0.0,0.0,370
0.8616672437388704,0.6004808630141714,0.23329618450949616,-0.20558190527999895,0.9121855804231894,-0.12711093628283812,0.11250196680315788,0.0,0.0,1.0,0.0,0.0,0.0,0.0,0.0,0.0,0.0,0.0,0.0,0.0,0.0,0.0,0.0,0.0,0.0,0.0,0.0,150
-0.06613768835786128,-0.0329253699579554,-0.2679597316563986,-0.472360284689858,0.1121082355922243,-0.6047399089819867,0.6152738511228922,0.0,0.0,1.0,0.0,0.0,0.0,0.0,0.0,0.0,0.0,0.0,0.0,0.0,0.0,0.0,0.0,0.0,0.0,0.0,0.0,140
-0.010580506795182734,0.028372007426443968,-0.3699522505784913,-0.8280647905696701,-0.1053005256413573,-0.6047399089819867,-0.20927203916147213,0.0,0.0,1.0,0.0,0.0,0.0,0.0,0.0,0.0,0.0,0.0,0.0,0.0,0.0,0.0,0.0,0.0,0.0,0.0,0.0,80
0.2060925012992636,-0.09422274734235477,0.8726151445821262,2.0175712564688264,0.16983639486168028,-1.0823688816811352,1.721371996626308,0.0,0.0,0.0,1.0,0.0,0.0,0.0,0.0,0.0,0.0,0.0,0.0,0.0,0.0,0.0,0.0,0.0,0.0,0.0,0.0,510
0.03942095661122796,0.1509667621952427,1.112493020095759,3.2625370270481686,0.2609784571635198,0.3505180364163104,0.8163826048507861,0.0,0.0,0.0,1.0,0.0,0.0,0.0,0.0,0.0,0.0,0.0,0.0,0.0,0.0,0.0,0.0,0.0,0.0,0.0,0.0,650
0.0949781381739065,0.2531290578359083,0.19384960053614322,0.5947532329495782,2.942826360677715,0.3505180364163104,-0.5411014828124968,0.0,0.0,0.0,1.0,0.0,0.0,0.0,0.0,0.0,0.0,0.0,0.0,0.0,0.0,0.0,0.0,0.0,0.0,0.0,0.0,320
0.09220027909577258,0.2531290578359083,0.0907909577228788,0.3279748535397191,3.2476645283206493,-0.12711093628283812,-0.6416558596764437,0.0,0.0,0.0,1.0,0.0,0.0,0.0,0.0,0.0,0.0,0.0,0.0,0.0,0.0,0.0,0.0,0.0,0.0,0.0,0.0,250
0.2060925012992636,0.04880446655457709,0.3875287740990022,0.8615316123594372,0.9555726963432347,-0.6047399089819867,-0.4908242943805234,0.0,0.0,0.0,1.0,0.0,0.0,0.0,0.0,0.0,0.0,0.0,0.0,0.0,0.0,0.0,0.0,0.0,0.0,0.0,0.0,330
0.17831391051792433,0.5596159447579051,0.29157762389354913,0.6836793594195312,-0.0990035700590017,1.783404954513756,1.0174913585786798,0.0,0.0,0.0,1.0,0.0,0.0,0.0,0.0,0.0,0.0,0.0,0.0,0.0,0.0,0.0,0.0,0.0,0.0,0.0,0.0,450
-0.37614676147760756,-0.3598447160080853,-0.28356067793054446,-0.02772965234009293,1.4330129643996365,-0.12711093628283812,-0.3198818537118137,0.0,0.0,0.0,1.0,0.0,0.0,0.0,0.0,0.0,0.0,0.0,0.0,0.0,0.0,0.0,0.0,0.0,0.0,0.0,0.0,200
-0.04391481573278986,0.012026040123937471,-0.11354945475169721,-0.02772965234009293,1.0803470532005455,-0.6047399089819867,-0.5411014828124968,0.0,0.0,0.0,1.0,0.0,0.0,0.0,0.0,0.0,0.0,0.0,0.0,0.0,0.0,0.0,0.0,0.0,0.0,0.0,0.0,200
0.9005572708327454,0.7639405360392363,0.8459620473028336,0.6836793594195312,-0.6716261435943618,0.3505180364163104,0.21305634366710477,0.0,0.0,0.0,1.0,0.0,0.0,0.0,0.0,0.0,0.0,0.0,0.0,0.0,0.0,0.0,0.0,0.0,0.0,0.0,0.0,370
-0.15502917885814696,-0.18412556750614048,0.3191191577488181,1.6618667505890143,-0.406972016199523,-2.0376268270794324,0.7158282279868392,0.0,0.0,0.0,1.0,0.0,0.0,0.0,0.0,0.0,0.0,0.0,0.0,0.0,0.0,0.0,0.0,0.0,0.0,0.0,0.0,400
-0.3328121598587183,-0.3394122568799522,0.01971603164476541,1.2172361182392493,-0.15600375758483281,-1.5599978543802837,0.31361072053105166,0.0,0.0,0.0,1.0,0.0,0.0,0.0,0.0,0.0,0.0,0.0,0.0,0.0,0.0,0.0,0.0,0.0,0.0,0.0,0.0,390
-0.2939221327648433,1.37691430988323,-0.049582021281395154,0.7726054858894842,-0.3751596510031141,0.3505180364163104,-0.10871766229752526,0.0,0.0,0.0,1.0,0.0,0.0,0.0,0.0,0.0,0.0,0.0,0.0,0.0,0.0,0.0,0.0,0.0,0.0,0.0,0.0,370
-0.15502917885814696,-0.18412556750614048,0.3706484791554503,1.8397190035289204,-0.6663847470402624,-1.0823688816811352,1.2186001123065735,0.0,0.0,0.0,1.0,0.0,0.0,0.0,0.0,0.0,0.0,0.0,0.0,0.0,0.0,0.0,0.0,0.0,0.0,0.0,0.0,390
-0.09391627913920055,-0.053357829086088514,-0.27773253399213915,-0.472360284689858,1.1797879933797089,-0.6047399089819867,-0.6718221727356278,0.0,0.0,0.0,1.0,0.0,0.0,0.0,0.0,0.0,0.0,0.0,0.0,0.0,0.0,0.0,0.0,0.0,0.0,0.0,0.0,130
0.5616584633004063,0.37572381260470705,0.7805731153109694,1.0393838652993432,-0.04367771754350824,-0.12711093628283812,0.4141650973949985,0.0,0.0,0.0,1.0,0.0,0.0,0.0,0.0,0.0,0.0,0.0,0.0,0.0,0.0,0.0,0.0,0.0,0.0,0.0,0.0,440
0.2172039376117993,0.08966938481084333,0.3214290928463568,0.6836793594195312,0.958448184730553,-0.12711093628283812,0.011947589939211,0.0,0.0,0.0,1.0,0.0,0.0,0.0,0.0,0.0,0.0,0.0,0.0,0.0,0.0,0.0,0.0,0.0,0.0,0.0,0.0,350
-0.04391481573278986,0.17139922132337582,-0.2601414897878061,-0.472360284689858,0.35455922480650304,-1.5599978543802837,-0.2696046652798403,0.0,0.0,0.0,1.0,0.0,0.0,0.0,0.0,0.0,0.0,0.0,0.0,0.0,0.0,0.0,0.0,0.0,0.0,0.0,0.0,120
-0.16614061517068265,0.028372007426443968,-0.4810068225755435,-1.0948431699795291,0.7930894031661528,-1.0823688816811352,-0.8125983003451535,0.0,0.0,0.0,1.0,0.0,0.0,0.0,0.0,0.0,0.0,0.0,0.0,0.0,0.0,0.0,0.0,0.0,0.0,0.0,0.0,120
-0.5605966042657003,-0.48243947077688404,-0.4547090999266415,-0.561286411159811,0.8890724775630982,-0.12711093628283812,-0.601434108930865,0.0,0.0,0.0,1.0,0.0,0.0,0.0,0.0,0.0,0.0,0.0,0.0,0.0,0.0,0.0,0.0,0.0,0.0,0.0,0.0,120
0.18942534683046003,-0.053357829086088514,-0.10448740167673772,-0.294508031749952,0.6159374793550294,0.3505180364163104,-0.3601036044573925,0.0,0.0,0.0,1.0,0.0,0.0,0.0,0.0,0.0,0.0,0.0,0.0,0.0,0.0,0.0,0.0,0.0,0.0,0.0,0.0,170
0.0949781381739065,-0.012492910829822275,-0.245038067996207,-0.561286411159811,0.07498167666735335,-0.12711093628283812,-0.37015904214378714,0.0,0.0,0.0,1.0,0.0,0.0,0.0,0.0,0.0,0.0,0.0,0.0,0.0,0.0,0.0,0.0,0.0,0.0,0.0,0.0,110
-0.7439353034225396,-0.6663316029300822,-0.47176708218538876,-0.02772965234009293,-0.026643178742684945,0.828147009115459,-0.08860678692473588,0.0,0.0,0.0,1.0,0.0,0.0,0.0,0.0,0.0,0.0,0.0,0.0,0.0,0.0,0.0,0.0,0.0,0.0,0.0,0.0,220
-0.10502771545173625,-0.17595258385488724,0.2109075827948905,1.1283099917692962,0.6302057255300776,-0.12711093628283812,0.4141650973949985,0.0,0.0,0.0,1.0,0.0,0.0,0.0,0.0,0.0,0.0,0.0,0.0,0.0,0.0,0.0,0.0,0.0,0.0,0.0,0.0,430
0.3783197641435671,0.21226413957964207,-0.19724018020867573,-0.650212537629764,-0.10497293835672597,-0.12711093628283812,-0.4506025436349447,0.0,0.0,0.0,1.0,0.0,0.0,0.0,0.0,0.0,0.0,0.0,0.0,0.0,0.0,0.0,0.0,0.0,0.0,0.0,0.0,130
-0.7161567126412003,-0.6254666846738159,-0.5591892412614682,-1.1837692964494821,0.8195147774597377,0.828147009115459,-0.9332635525818896,0.0,0.0,0.0,1.0,0.0,0.0,0.0,0.0,0.0,0.0,0.0,0.0,0.0,0.0,0.0,0.0,0.0,0.0,0.0,0.0,60
-0.16614061517068265,-0.2168175021111535,-0.5064161086484691,-1.1837692964494821,-0.2785214020369065,-0.12711093628283812,-0.923208114895495,0.0,0.0,0.0,1.0,0.0,0.0,0.0,0.0,0.0,0.0,0.0,0.0,0.0,0.0,0.0,0.0,0.0,0.0,0.0,0.0,30
-0.2994778509211112,-0.2372499612392866,-0.3500512712766195,-0.472360284689858,0.32012616133304433,-0.6047399089819867,-0.21932747684786683,0.0,0.0,0.0,1.0,0.0,0.0,0.0,0.0,0.0,0.0,0.0,0.0,0.0,0.0,0.0,0.0,0.0,0.0,0.0,0.0,150
-0.44392652298407537,-0.38027717513621845,-0.417394763735632,-0.561286411159811,0.7852637069221851,-0.6047399089819867,-0.6316004219900491,0.0,0.0,0.0,1.0,0.0,0.0,0.0,0.0,0.0,0.0,0.0,0.0,0.0,0.0,0.0,0.0,0.0,0.0,0.0,0.0,110
-0.038359097576522005,0.007939548298310848,-0.08121036338615563,0.06119647412986008,0.6341003743584711,-0.6047399089819867,0.11250196680315788,0.0,0.0,0.0,1.0,0.0,0.0,0.0,0.0,0.0,0.0,0.0,0.0,0.0,0.0,0.0,0.0,0.0,0.0,0.0,0.0,240
0.03942095661122796,0.2735615169640414,-0.5186765333969435,-1.2726954229194352,-0.34534920810167374,-1.0823688816811352,-0.9835407410138631,0.0,0.0,0.0,1.0,0.0,0.0,0.0,0.0,0.0,0.0,0.0,0.0,0.0,0.0,0.0,0.0,0.0,0.0,0.0,0.0,30
-0.12725058807680767,-0.19638504298302037,0.3768675351872852,1.7507928770589674,1.1393127644341634,0.3505180364163104,0.21305634366710477,0.0,0.0,0.0,1.0,0.0,0.0,0.0,0.0,0.0,0.0,0.0,0.0,0.0,0.0,0.0,0.0,0.0,0.0,0.0,0.0,440
0.3172068644246207,0.17139922132337582,-0.2148312244130088,-0.650212537629764,-0.06609924724715557,-0.12711093628283812,-0.5109351697533128,0.0,0.0,0.0,1.0,0.0,0.0,0.0,0.0,0.0,0.0,0.0,0.0,0.0,0.0,0.0,0.0,0.0,0.0,0.0,0.0,110
-0.07169340651412913,-0.135087665598621,-0.09933446953607453,0.06119647412986008,0.6341003743584711,0.3505180364163104,0.11250196680315788,0.0,0.0,0.0,1.0,0.0,0.0,0.0,0.0,0.0,0.0,0.0,0.0,0.0,0.0,0.0,0.0,0.0,0.0,0.0,0.0,310
0.228315373924335,0.08966938481084333,-0.16436802689754829,-0.472360284689858,0.39659959300084185,-0.12711093628283812,-0.4304916682621553,0.0,0.0,0.0,0.0,1.0,0.0,0.0,0.0,0.0,0.0,0.0,0.0,0.0,0.0,0.0,0.0,0.0,0.0,0.0,0.0,140
0.1560910378928529,0.19183168045150895,0.09594388986354199,0.23904872706976613,0.9461090636761107,-1.0823688816811352,0.11250196680315788,0.0,0.0,0.0,0.0,1.0,0.0,0.0,0.0,0.0,0.0,0.0,0.0,0.0,0.0,0.0,0.0,0.0,0.0,0.0,0.0,240
0.5227684362065314,0.539183485629772,-0.2031038616101201,-0.7391386640997171,0.16794366832825516,-0.6047399089819867,-0.7522656742267853,0.0,0.0,0.0,0.0,1.0,0.0,0.0,0.0,0.0,0.0,0.0,0.0,0.0,0.0,0.0,0.0,0.0,0.0,0.0,0.0,90
0.31165114626835283,0.5800484038860383,-0.419882386148366,-1.0948431699795291,0.30130809176034035,-1.5599978543802837,-0.9030972395227056,0.0,0.0,0.0,0.0,1.0,0.0,0.0,0.0,0.0,0.0,0.0,0.0,0.0,0.0,0.0,0.0,0.0,0.0,0.0,0.0,70
0.35609689151849566,0.37572381260470705,-0.24574881725698813,-0.7391386640997171,0.22803773576449246,-1.0823688816811352,-0.7120439234812065,0.0,0.0,0.0,0.0,1.0,0.0,0.0,0.0,0.0,0.0,0.0,0.0,0.0,0.0,0.0,0.0,0.0,0.0,0.0,0.0,90
-0.016136224951450586,-0.09422274734235477,0.293354497045502,1.1283099917692962,-0.21806334872885705,0.3505180364163104,0.6152738511228922,0.0,0.0,0.0,0.0,1.0,0.0,0.0,0.0,0.0,0.0,0.0,0.0,0.0,0.0,0.0,0.0,0.0,0.0,0.0,0.0,450
2.783945725807548,1.7855634924458925,0.6149685375489651,-0.561286411159811,0.17707971371074824,-0.12711093628283812,-0.309826416025419,0.0,0.0,0.0,0.0,1.0,0.0,0.0,0.0,0.0,0.0,0.0,0.0,0.0,0.0,0.0,0.0,0.0,0.0,0.0,0.0,130
0.8061100621761919,0.5596159447579051,1.2820067187920596,1.4840144976491083,0.6469490756334508,-0.6047399089819867,0.5147194742589454,0.0,0.0,0.0,0.0,1.0,0.0,0.0,0.0,0.0,0.0,0.0,0.0,0.0,0.0,0.0,0.0,0.0,0.0,0.0,0.0,430
0.5005455635814599,0.31442643522030767,-0.021862800110930888,-0.383434158219905,0.16262947459979354,-0.12711093628283812,-0.2394383522206562,0.0,0.0,0.0,0.0,1.0,0.0,0.0,0.0,0.0,0.0,0.0,0.0,0.0,0.0,0.0,0.0,0.0,0.0,0.0,0.0,160
-0.4772608319216825,-0.4007096342643516,-0.4589735954913284,-0.7391386640997171,0.3507737717396532,-0.12711093628283812,-0.7723765495995747,0.0,0.0,0.0,0.0,1.0,0.0,0.0,0.0,0.0,0.0,0.0,0.0,0.0,0.0,0.0,0.0,0.0,0.0,0.0,0.0,100
0.04497667476749581,-0.053357829086088514,0.2857139424921048,0.9504577388293902,-0.05951110296734986,-0.12711093628283812,0.9169369817147329,0.0,0.0,0.0,0.0,1.0,0.0,0.0,0.0,0.0,0.0,0.0,0.0,0.0,0.0,0.0,0.0,0.0,0.0,0.0,0.0,420
0.2560939647056743,0.13053430306710959,0.3123670397713973,0.5947532329495782,0.8445934040276161,-0.12711093628283812,0.11250196680315788,0.0,0.0,0.0,0.0,1.0,0.0,0.0,0.0,0.0,0.0,0.0,0.0,0.0,0.0,0.0,0.0,0.0,0.0,0.0,0.0,320
0.42832122754997776,0.4370211899891064,-0.049582021281395154,-0.383434158219905,0.16262947459979354,-1.0823688816811352,-0.27966010296623495,0.0,0.0,0.0,0.0,1.0,0.0,0.0,0.0,0.0,0.0,0.0,0.0,0.0,0.0,0.0,0.0,0.0,0.0,0.0,0.0,140
1.067228815520781,1.0499949638331,1.4927438746136656,1.3950883711791553,0.9041778912433156,-0.6047399089819867,0.4141650973949985,0.0,0.0,0.0,0.0,1.0,0.0,0.0,0.0,0.0,0.0,0.0,0.0,0.0,0.0,0.0,0.0,0.0,0.0,0.0,0.0,420
-0.4105922140464683,-0.3394122568799522,-0.05491264073725365,1.2172361182392493,0.09733040919663827,-0.12711093628283812,0.6152738511228922,0.0,0.0,0.0,0.0,1.0,0.0,0.0,0.0,0.0,0.0,0.0,0.0,0.0,0.0,0.0,0.0,0.0,0.0,0.0,0.0,470
0.3338740188934243,0.3552913534765739,-0.127231378021734,-0.472360284689858,0.8677429054748885,-1.0823688816811352,-0.7019884857948119,0.0,0.0,0.0,0.0,1.0,0.0,0.0,0.0,0.0,0.0,0.0,0.0,0.0,0.0,0.0,0.0,0.0,0.0,0.0,0.0,120
-0.2994778509211112,-0.2372499612392866,-0.392340852293097,-0.650212537629764,0.28343638545434835,-0.6047399089819867,-0.5913786712444703,0.0,0.0,0.0,0.0,1.0,0.0,0.0,0.0,0.0,0.0,0.0,0.0,0.0,0.0,0.0,0.0,0.0,0.0,0.0,0.0,110
0.35609689151849566,0.6209133221423044,-0.4563082857633991,-1.1837692964494821,-0.5594092993145806,-1.5599978543802837,-0.8829863641499163,0.0,0.0,0.0,0.0,1.0,0.0,0.0,0.0,0.0,0.0,0.0,0.0,0.0,0.0,0.0,0.0,0.0,0.0,0.0,0.0,90
-0.38281362326512897,-0.3189797977518191,-0.5087260437460076,-1.0948431699795291,-0.0732333703346799,-0.6047399089819867,-0.8829863641499163,0.0,0.0,0.0,0.0,1.0,0.0,0.0,0.0,0.0,0.0,0.0,0.0,0.0,0.0,0.0,0.0,0.0,0.0,0.0,0.0,60
1.9728108749924413,1.4995090646520286,2.231923105826045,1.2172361182392493,0.3807298089898186,-0.6047399089819867,0.4141650973949985,0.0,0.0,0.0,0.0,1.0,0.0,0.0,0.0,0.0,0.0,0.0,0.0,0.0,0.0,0.0,0.0,0.0,0.0,0.0,0.0,420
-0.538373731640629,-0.46200701164875096,-0.27204653990589006,0.5947532329495782,0.8445934040276161,2.2610339272129045,-0.27966010296623495,0.0,0.0,0.0,0.0,0.0,1.0,0.0,0.0,0.0,0.0,0.0,0.0,0.0,0.0,0.0,0.0,0.0,0.0,0.0,0.0,400
-0.44948224114034324,-0.44157455252061784,-0.3701299378936866,-0.294508031749952,0.34433122180857273,0.828147009115459,0.21305634366710477,0.0,0.0,0.0,0.0,0.0,1.0,0.0,0.0,0.0,0.0,0.0,0.0,0.0,0.0,0.0,0.0,0.0,0.0,0.0,0.0,200
-0.3939250595776647,-0.3189797977518191,-0.3289064807683808,-0.20558190527999895,1.0016169091275107,-0.12711093628283812,-0.2494937899070509,0.0,0.0,0.0,0.0,0.0,1.0,0.0,0.0,0.0,0.0,0.0,0.0,0.0,0.0,0.0,0.0,0.0,0.0,0.0,0.0,180
-0.2328092330458969,-0.17595258385488724,-0.4895358137049171,-1.0948431699795291,-0.0732333703346799,-0.6047399089819867,-0.6215449843036543,0.0,0.0,0.0,0.0,0.0,1.0,0.0,0.0,0.0,0.0,0.0,0.0,0.0,0.0,0.0,0.0,0.0,0.0,0.0,0.0,70
-0.38281362326512897,-0.3189797977518191,-0.4163286398444603,-0.650212537629764,0.5983569617464874,-0.6047399089819867,-0.27966010296623495,0.0,0.0,0.0,0.0,0.0,1.0,0.0,0.0,0.0,0.0,0.0,0.0,0.0,0.0,0.0,0.0,0.0,0.0,0.0,0.0,110
-0.8494939483916287,-0.7480614394426146,-0.5719827279555286,-1.1837692964494821,0.5982841645721251,2.2610339272129045,-0.8628754887771268,0.0,0.0,0.0,0.0,0.0,1.0,0.0,0.0,0.0,0.0,0.0,0.0,0.0,0.0,0.0,0.0,0.0,0.0,0.0,0.0,140
0.6394385174881563,0.6413457812704376,0.5943568089863122,0.5947532329495782,0.08972310447575818,-0.6047399089819867,1.2186001123065735,0.0,0.0,0.0,0.0,0.0,1.0,0.0,0.0,0.0,0.0,0.0,0.0,0.0,0.0,0.0,0.0,0.0,0.0,0.0,0.0,300
0.050532392923763665,-0.053357829086088514,0.3875287740990022,1.2172361182392493,-0.046626003105188954,0.3505180364163104,1.5202632428984142,0.0,0.0,0.0,0.0,0.0,1.0,0.0,0.0,0.0,0.0,0.0,0.0,0.0,0.0,0.0,0.0,0.0,0.0,0.0,0.0,430
0.7338857261447098,0.49831856737350577,1.2057788605732829,1.4840144976491083,-0.1667413408033003,-0.6047399089819867,3.2296876495855114,0.0,0.0,0.0,0.0,0.0,1.0,0.0,0.0,0.0,0.0,0.0,0.0,0.0,0.0,0.0,0.0,0.0,0.0,0.0,0.0,460
-0.4883722682342182,-0.4211420933924847,-0.46181659253445284,-0.7391386640997171,-0.022930522850197935,-0.6047399089819867,-0.21932747684786683,0.0,0.0,0.0,0.0,0.0,1.0,0.0,0.0,0.0,0.0,0.0,0.0,0.0,0.0,0.0,0.0,0.0,0.0,0.0,0.0,100
-0.3661464687963254,-0.44157455252061784,-0.5065937959636643,-1.0948431699795291,0.7930894031661528,1.3057759818146075,-0.6617667350492331,0.0,0.0,0.0,0.0,0.0,1.0,0.0,0.0,0.0,0.0,0.0,0.0,0.0,0.0,0.0,0.0,0.0,0.0,0.0,0.0,110
-0.6605995310785218,-0.5846017664175497,-0.45790747160015666,-0.294508031749952,0.7452616596099958,0.3505180364163104,0.31361072053105166,0.0,0.0,0.0,0.0,0.0,1.0,0.0,0.0,0.0,0.0,0.0,0.0,0.0,0.0,0.0,0.0,0.0,0.0,0.0,0.0,180
0.03942095661122796,-0.053357829086088514,0.08901408457092597,0.41690098000967213,0.38371449313868095,-0.12711093628283812,0.9169369817147329,0.0,0.0,0.0,0.0,0.0,1.0,0.0,0.0,0.0,0.0,0.0,0.0,0.0,0.0,0.0,0.0,0.0,0.0,0.0,0.0,300
0.8505558074263347,0.6004808630141714,0.28624700443769063,-0.11665577881004595,0.32209168504083147,-0.6047399089819867,0.4141650973949985,0.0,0.0,0.0,0.0,0.0,1.0,0.0,0.0,0.0,0.0,0.0,0.0,0.0,0.0,0.0,0.0,0.0,0.0,0.0,0.0,220
-0.15502917885814696,-0.2168175021111535,0.08723721141897314,0.8615316123594372,-0.40427852074811077,0.3505180364163104,2.0230351272181486,0.0,0.0,0.0,0.0,0.0,1.0,0.0,0.0,0.0,0.0,0.0,0.0,0.0,0.0,0.0,0.0,0.0,0.0,0.0,0.0,410
-0.4939279863904861,-0.4211420933924847,-0.40353515315039984,-0.383434158219905,0.4935654292516808,-0.12711093628283812,-0.3198818537118137,0.0,0.0,0.0,0.0,0.0,1.0,0.0,0.0,0.0,0.0,0.0,0.0,0.0,0.0,0.0,0.0,0.0,0.0,0.0,0.0,130
-0.2216977967333612,-0.25768242036741973,-0.27542259889460047,-0.294508031749952,0.34433122180857273,0.3505180364163104,0.011947589939211,0.0,0.0,0.0,0.0,0.0,1.0,0.0,0.0,0.0,0.0,0.0,0.0,0.0,0.0,0.0,0.0,0.0,0.0,0.0,0.0,190
-0.7606024578913431,-0.6663316029300822,-0.42912212653852067,0.6836793594195312,-0.5283977030361593,0.828147009115459,2.2241438809460425,0.0,0.0,0.0,0.0,0.0,1.0,0.0,0.0,0.0,0.0,0.0,0.0,0.0,0.0,0.0,0.0,0.0,0.0,0.0,0.0,390
0.10053385633017435,-0.012492910829822275,-0.3111377492488524,-0.7391386640997171,-0.46881321582045976,-0.12711093628283812,-0.08860678692473588,0.0,0.0,0.0,0.0,0.0,1.0,0.0,0.0,0.0,0.0,0.0,0.0,0.0,0.0,0.0,0.0,0.0,0.0,0.0,0.0,110
-0.7661581760476109,-0.5784720286791097,-0.36497700575302333,1.6618667505890143,-0.406972016199523,-1.5599978543802837,0.7158282279868392,0.0,0.0,0.0,0.0,0.0,0.0,1.0,0.0,0.0,0.0,0.0,0.0,0.0,0.0,0.0,0.0,0.0,0.0,0.0,0.0,420
-0.46059367745287894,-0.5641693072894165,-0.47070095829421704,-0.8280647905696701,0.7187270895548677,-0.12711093628283812,-0.8829863641499163,0.0,0.0,0.0,0.0,0.0,0.0,1.0,0.0,0.0,0.0,0.0,0.0,0.0,0.0,0.0,0.0,0.0,0.0,0.0,0.0,100
0.2560939647056743,-0.012492910829822275,0.23453999571586312,0.41690098000967213,0.35725272025791527,0.3505180364163104,-0.08860678692473588,0.0,0.0,0.0,0.0,0.0,0.0,1.0,0.0,0.0,0.0,0.0,0.0,0.0,0.0,0.0,0.0,0.0,0.0,0.0,0.0,300
-0.5328180134843611,-0.5233043890331504,-0.17218626876614077,1.2172361182392493,0.6347555489277333,0.3505180364163104,0.31361072053105166,0.0,0.0,0.0,0.0,0.0,0.0,1.0,0.0,0.0,0.0,0.0,0.0,0.0,0.0,0.0,0.0,0.0,0.0,0.0,0.0,440
-0.37170218695259327,-0.38027717513621845,-0.2436165694746447,0.1501226005998131,0.8388060286657979,0.3505180364163104,0.011947589939211,0.0,0.0,0.0,0.0,0.0,0.0,1.0,0.0,0.0,0.0,0.0,0.0,0.0,0.0,0.0,0.0,0.0,0.0,0.0,0.0,250
0.8561115255826026,0.17139922132337582,-0.0016064461786686086,-0.561286411159811,0.09252579568871404,1.3057759818146075,-0.8628754887771268,0.0,0.0,0.0,0.0,0.0,0.0,1.0,0.0,0.0,0.0,0.0,0.0,0.0,0.0,0.0,0.0,0.0,0.0,0.0,0.0,90
-0.44948224114034324,-0.27811487949555286,-0.5009078018774152,-1.0059170435095761,-0.14981599776402105,-1.0823688816811352,-0.9030972395227056,0.0,0.0,0.0,0.0,0.0,0.0,1.0,0.0,0.0,0.0,0.0,0.0,0.0,0.0,0.0,0.0,0.0,0.0,0.0,0.0,60
-0.7606024578913431,-0.6663316029300822,-0.42912212653852067,0.6836793594195312,-0.5283977030361593,0.828147009115459,0.5147194742589454,0.0,0.0,0.0,0.0,0.0,0.0,1.0,0.0,0.0,0.0,0.0,0.0,0.0,0.0,0.0,0.0,0.0,0.0,0.0,0.0,400
-0.5828194768907717,-0.5028719299050172,-0.51014754226757,-0.9169909170396231,0.327769864641106,-0.12711093628283812,-0.792487424972364,0.0,0.0,0.0,0.0,0.0,0.0,1.0,0.0,0.0,0.0,0.0,0.0,0.0,0.0,0.0,0.0,0.0,0.0,0.0,0.0,90
-0.43837080482780755,-0.3598447160080853,-0.41561789058367915,-0.561286411159811,0.614809123152411,-0.12711093628283812,-0.5411014828124968,0.0,0.0,0.0,0.0,0.0,0.0,1.0,0.0,0.0,0.0,0.0,0.0,0.0,0.0,0.0,0.0,0.0,0.0,0.0,0.0,120
2.93395011602678,1.5812389011645611,2.0330910001225226,0.41690098000967213,0.5956634662950757,0.3505180364163104,0.11250196680315788,0.0,0.0,0.0,0.0,0.0,0.0,1.0,0.0,0.0,0.0,0.0,0.0,0.0,0.0,0.0,0.0,0.0,0.0,0.0,0.0,300
-0.2328092330458969,-0.27811487949555286,-0.3964276605425885,-0.7391386640997171,0.08826716098850801,0.3505180364163104,-0.6114895466172596,0.0,0.0,0.0,0.0,0.0,0.0,1.0,0.0,0.0,0.0,0.0,0.0,0.0,0.0,0.0,0.0,0.0,0.0,0.0,0.0,100
0.21164821945553144,0.08966938481084333,-0.24521575531140227,-0.650212537629764,0.2418328003061845,-0.6047399089819867,-0.601434108930865,0.0,0.0,0.0,0.0,0.0,0.0,1.0,0.0,0.0,0.0,0.0,0.0,0.0,0.0,0.0,0.0,0.0,0.0,0.0,0.0,110
-0.19391920595202194,-0.2372499612392866,-0.23935207390995794,-0.20558190527999895,0.6930660855920896,0.3505180364163104,-0.3902699175165765,0.0,0.0,0.0,0.0,0.0,0.0,1.0,0.0,0.0,0.0,0.0,0.0,0.0,0.0,0.0,0.0,0.0,0.0,0.0,0.0,200
-0.10502771545173625,-0.053357829086088514,-0.30900550146650907,-0.561286411159811,0.0022572994792240536,-0.6047399089819867,-0.21932747684786683,0.0,0.0,0.0,0.0,0.0,0.0,1.0,0.0,0.0,0.0,0.0,0.0,0.0,0.0,0.0,0.0,0.0,0.0,0.0,0.0,140
-0.15502917885814696,-0.2168175021111535,-0.22193871702082013,-0.20558190527999895,0.16608734038201164,0.3505180364163104,-0.2494937899070509,0.0,0.0,0.0,0.0,0.0,0.0,1.0,0.0,0.0,0.0,0.0,0.0,0.0,0.0,0.0,0.0,0.0,0.0,0.0,0.0,250
0.13942388342404935,0.028372007426443968,0.29690824334940763,0.7726054858894842,-0.019035874021804445,-0.12711093628283812,0.6152738511228922,0.0,0.0,0.0,0.0,0.0,0.0,1.0,0.0,0.0,0.0,0.0,0.0,0.0,0.0,0.0,0.0,0.0,0.0,0.0,0.0,360
0.36720832783103136,0.37572381260470705,-0.4552421618722274,-1.1837692964494821,0.11170785113323055,-1.0823688816811352,-0.923208114895495,0.0,0.0,0.0,0.0,0.0,0.0,1.0,0.0,0.0,0.0,0.0,0.0,0.0,0.0,0.0,0.0,0.0,0.0,0.0,0.0,50
0.1449796015803172,0.028372007426443968,-0.12296688245704725,-0.294508031749952,0.6083301746341488,-0.12711093628283812,-0.2494937899070509,0.0,0.0,0.0,0.0,0.0,0.0,1.0,0.0,0.0,0.0,0.0,0.0,0.0,0.0,0.0,0.0,0.0,0.0,0.0,0.0,180
-0.7606024578913431,-0.7071965211863483,-0.5442635067850643,-0.9169909170396231,0.327769864641106,2.2610339272129045,-0.76232111191318,0.0,0.0,0.0,0.0,0.0,0.0,1.0,0.0,0.0,0.0,0.0,0.0,0.0,0.0,0.0,0.0,0.0,0.0,0.0,0.0,100
0.28387255548701357,0.007939548298310848,-0.3438322152447846,-0.9169909170396231,-0.4383111997625757,0.828147009115459,-0.7019884857948119,0.0,0.0,0.0,0.0,0.0,0.0,1.0,0.0,0.0,0.0,0.0,0.0,0.0,0.0,0.0,0.0,0.0,0.0,0.0,0.0,90
-0.08280484282666484,-0.12895792786018107,0.006922544950705019,0.41690098000967213,-0.10031391919752661,0.828147009115459,0.11250196680315788,0.0,0.0,0.0,0.0,0.0,0.0,0.0,1.0,0.0,0.0,0.0,0.0,0.0,0.0,0.0,0.0,0.0,0.0,0.0,0.0,350
-0.08280484282666484,-0.12895792786018107,-0.07730124245185942,0.1501226005998131,0.22228675898985545,0.828147009115459,-0.3198818537118137,0.0,0.0,0.0,0.0,0.0,0.0,0.0,1.0,0.0,0.0,0.0,0.0,0.0,0.0,0.0,0.0,0.0,0.0,0.0,0.0,250
-0.8106039212977538,-0.6867640620582153,-0.5394659492747917,-0.650212537629764,0.5049581870394108,0.3505180364163104,-0.6114895466172596,0.0,0.0,0.0,0.0,0.0,0.0,0.0,1.0,0.0,0.0,0.0,0.0,0.0,0.0,0.0,0.0,0.0,0.0,0.0,0.0,100
-0.6161537858283789,-0.5437368481612834,-0.47247783144616984,-0.561286411159811,-0.4308858879776015,-0.12711093628283812,0.011947589939211,0.0,0.0,0.0,0.0,0.0,0.0,0.0,1.0,0.0,0.0,0.0,0.0,0.0,0.0,0.0,0.0,0.0,0.0,0.0,0.0,150
-0.12169486992053982,-0.07379028821422164,-0.15335141335544072,-0.02772965234009293,0.3627853055094646,-0.6047399089819867,0.011947589939211,0.0,0.0,0.0,0.0,0.0,0.0,0.0,1.0,0.0,0.0,0.0,0.0,0.0,0.0,0.0,0.0,0.0,0.0,0.0,0.0,210
-0.6994895581723967,-0.6254666846738159,-0.5575900554247106,-1.1837692964494821,0.090305481870658,0.3505180364163104,-0.76232111191318,0.0,0.0,0.0,0.0,0.0,0.0,0.0,1.0,0.0,0.0,0.0,0.0,0.0,0.0,0.0,0.0,0.0,0.0,0.0,0.0,90
-0.3939250595776647,-0.2168175021111535,-0.40140290536805645,-0.561286411159811,0.07498167666735335,-1.0823688816811352,-0.5411014828124968,0.0,0.0,0.0,0.0,0.0,0.0,0.0,1.0,0.0,0.0,0.0,0.0,0.0,0.0,0.0,0.0,0.0,0.0,0.0,0.0,110
-0.7106009944849324,-0.6254666846738159,-0.39873759564012723,0.5947532329495782,-0.17897126609619896,0.3505180364163104,0.6152738511228922,0.0,0.0,0.0,0.0,0.0,0.0,0.0,1.0,0.0,0.0,0.0,0.0,0.0,0.0,0.0,0.0,0.0,0.0,0.0,0.0,390
-0.6661552492347895,-0.5846017664175497,-0.31895599111744494,1.0393838652993432,-0.04367771754350824,0.3505180364163104,0.7158282279868392,0.0,0.0,0.0,0.0,0.0,0.0,0.0,1.0,0.0,0.0,0.0,0.0,0.0,0.0,0.0,0.0,0.0,0.0,0.0,0.0,470
-0.37725790510886115,-0.3189797977518191,-0.3774151178166932,-0.472360284689858,0.21071200826621905,-0.12711093628283812,-0.2494937899070509,0.0,0.0,0.0,0.0,0.0,0.0,0.0,1.0,0.0,0.0,0.0,0.0,0.0,0.0,0.0,0.0,0.0,0.0,0.0,0.0,140
-0.6050423495158431,-0.3598447160080853,-0.41206414427977345,-0.11665577881004595,0.3626761097479205,-2.0376268270794324,0.011947589939211,0.0,0.0,0.0,0.0,0.0,0.0,0.0,1.0,0.0,0.0,0.0,0.0,0.0,0.0,0.0,0.0,0.0,0.0,0.0,0.0,170
-0.7383795852662717,-0.645899143801949,-0.5115690407891322,-0.561286411159811,-0.20081041840494648,0.3505180364163104,-0.20927203916147213,0.0,0.0,0.0,0.0,0.0,0.0,0.0,1.0,0.0,0.0,0.0,0.0,0.0,0.0,0.0,0.0,0.0,0.0,0.0,0.0,160
-0.23836495120216478,-0.27811487949555286,-0.1437562983348954,0.23904872706976613,0.6576866588519185,0.3505180364163104,0.011947589939211,0.0,0.0,0.0,0.0,0.0,0.0,0.0,1.0,0.0,0.0,0.0,0.0,0.0,0.0,0.0,0.0,0.0,0.0,0.0,0.0,300
-0.5883751950470396,-0.5028719299050172,-0.3088278141513138,0.5947532329495782,0.08229779269078374,-0.12711093628283812,0.6152738511228922,0.0,0.0,0.0,0.0,0.0,0.0,0.0,1.0,0.0,0.0,0.0,0.0,0.0,0.0,0.0,0.0,0.0,0.0,0.0,0.0,350
-0.6772666855473253,-0.5437368481612834,-0.5554578076423672,-1.1837692964494821,0.3647872278044329,-0.6047399089819867,-0.9433189902682844,0.0,0.0,0.0,0.0,0.0,0.0,0.0,1.0,0.0,0.0,0.0,0.0,0.0,0.0,0.0,0.0,0.0,0.0,0.0,0.0,50
-0.5272622953280932,-0.46200701164875096,-0.15299603872505013,1.3061622447092023,0.723204115778161,-0.12711093628283812,0.31361072053105166,0.0,0.0,0.0,0.0,0.0,0.0,0.0,1.0,0.0,0.0,0.0,0.0,0.0,0.0,0.0,0.0,0.0,0.0,0.0,0.0,400
-0.37170218695259327,-0.298547338623686,0.03890626168585605,1.4840144976491083,0.8762237762881185,-0.6047399089819867,0.5147194742589454,0.0,0.0,0.0,0.0,0.0,0.0,0.0,1.0,0.0,0.0,0.0,0.0,0.0,0.0,0.0,0.0,0.0,0.0,0.0,0.0,360
-0.08280484282666484,-0.0329253699579554,-0.4984201794646813,-1.1837692964494821,0.11170785113323055,-0.6047399089819867,-0.8829863641499163,0.0,0.0,0.0,0.0,0.0,0.0,0.0,1.0,0.0,0.0,0.0,0.0,0.0,0.0,0.0,0.0,0.0,0.0,0.0,0.0,70
-0.10502771545173625,-0.17595258385488724,-0.30900550146650907,-0.561286411159811,0.1388611971704401,0.3505180364163104,-0.3802144798301818,0.0,0.0,0.0,0.0,0.0,0.0,0.0,1.0,0.0,0.0,0.0,0.0,0.0,0.0,0.0,0.0,0.0,0.0,0.0,0.0,140
-0.5328180134843611,-0.46200701164875096,-0.3226874247365459,0.23904872706976613,0.1310355009264719,-0.12711093628283812,0.21305634366710477,0.0,0.0,0.0,0.0,0.0,0.0,0.0,1.0,0.0,0.0,0.0,0.0,0.0,0.0,0.0,0.0,0.0,0.0,0.0,0.0,240
-0.6550438129222539,-0.5846017664175497,-0.5044615481813209,-0.7391386640997171,0.08826716098850801,0.3505180364163104,-0.5612123581852863,0.0,0.0,0.0,0.0,0.0,0.0,0.0,1.0,0.0,0.0,0.0,0.0,0.0,0.0,0.0,0.0,0.0,0.0,0.0,0.0,100
-0.421703650359004,-0.3598447160080853,-0.41028727112782065,-0.561286411159811,0.10755841219456856,-0.12711093628283812,-0.7321547988539959,0.0,0.0,0.0,0.0,0.0,0.0,0.0,0.0,1.0,0.0,0.0,0.0,0.0,0.0,0.0,0.0,0.0,0.0,0.0,0.0,140
-0.6828224037035932,-0.6050342255456828,-0.32499735983408456,1.1283099917692962,-0.112325452967338,0.3505180364163104,-0.1690502884158934,0.0,0.0,0.0,0.0,0.0,0.0,0.0,0.0,1.0,0.0,0.0,0.0,0.0,0.0,0.0,0.0,0.0,0.0,0.0,0.0,420
-0.027247661263986298,-0.11465520647048788,-0.07516899466951593,0.06119647412986008,-0.2336419440424302,-0.12711093628283812,-0.28971554065262967,0.0,0.0,0.0,0.0,0.0,0.0,0.0,0.0,1.0,0.0,0.0,0.0,0.0,0.0,0.0,0.0,0.0,0.0,0.0,0.0,260
-0.6717109673910574,-0.6254666846738159,-0.47176708218538876,-0.383434158219905,0.41334294310421504,1.3057759818146075,-0.7321547988539959,0.0,0.0,0.0,0.0,0.0,0.0,0.0,0.0,1.0,0.0,0.0,0.0,0.0,0.0,0.0,0.0,0.0,0.0,0.0,0.0,170
-0.7939367668289502,-0.7071965211863483,-0.5240071528528021,-0.472360284689858,-0.06471610093426824,1.3057759818146075,-0.42043623057576057,0.0,0.0,0.0,0.0,0.0,0.0,0.0,0.0,0.0,1.0,0.0,0.0,0.0,0.0,0.0,0.0,0.0,0.0,0.0,0.0,180
-0.805048203141486,-0.6867640620582153,-0.5030400496597586,-0.02772965234009293,-0.6031967996936195,-0.12711093628283812,-0.3802144798301818,0.0,0.0,0.0,0.0,0.0,0.0,0.0,0.0,0.0,1.0,0.0,0.0,0.0,0.0,0.0,0.0,0.0,0.0,0.0,0.0,210
-0.5939309132033075,-0.5233043890331504,-0.38327879921813757,0.06119647412986008,-0.2336419440424302,-0.12711093628283812,-0.4103807928893659,0.0,0.0,0.0,0.0,0.0,0.0,0.0,0.0,0.0,1.0,0.0,0.0,0.0,0.0,0.0,0.0,0.0,0.0,0.0,0.0,260
-0.7106009944849324,-0.6254666846738159,-0.48669281666179254,-0.383434158219905,-0.2324043920782679,0.828147009115459,-0.5913786712444703,0.0,0.0,0.0,0.0,0.0,0.0,0.0,0.0,0.0,1.0,0.0,0.0,0.0,0.0,0.0,0.0,0.0,0.0,0.0,0.0,210
-0.4328150866715397,-0.3598447160080853,-0.38008042754462246,-0.383434158219905,-0.14592134893562758,-0.6047399089819867,-0.5913786712444703,0.0,0.0,0.0,0.0,0.0,0.0,0.0,0.0,0.0,1.0,0.0,0.0,0.0,0.0,0.0,0.0,0.0,0.0,0.0,0.0,170
-0.7217124307974682,-0.6663316029300822,-0.5673628577604513,-1.2726954229194352,-0.42946634307753295,1.783404954513756,-1.0036516163866525,0.0,0.0,0.0,0.0,0.0,0.0,0.0,0.0,0.0,1.0,0.0,0.0,0.0,0.0,0.0,0.0,0.0,0.0,0.0,0.0,90
-0.688378121859861,-0.5437368481612834,-0.556523931533539,-1.1837692964494821,-0.317103904449027,-0.6047399089819867,-0.9935961787002578,0.0,0.0,0.0,0.0,0.0,0.0,0.0,0.0,0.0,1.0,0.0,0.0,0.0,0.0,0.0,0.0,0.0,0.0,0.0,0.0,50
-0.4772608319216825,-0.4007096342643516,-0.2734680384274524,0.3279748535397191,-0.2639255685772267,-0.12711093628283812,0.21305634366710477,0.0,0.0,0.0,0.0,0.0,0.0,0.0,0.0,0.0,0.0,1.0,0.0,0.0,0.0,0.0,0.0,0.0,0.0,0.0,0.0,220
-0.8383825120790931,-0.7276289803144815,-0.5279162737870983,-0.20558190527999895,-0.27557311647522553,0.3505180364163104,-0.3198818537118137,0.0,0.0,0.0,0.0,0.0,0.0,0.0,0.0,0.0,0.0,1.0,0.0,0.0,0.0,0.0,0.0,0.0,0.0,0.0,0.0,210
-0.6272652221409146,-0.5437368481612834,-0.5613214890438116,-1.2726954229194352,-0.590675685703271,-0.12711093628283812,-0.9835407410138631,0.0,0.0,0.0,0.0,0.0,0.0,0.0,0.0,0.0,0.0,1.0,0.0,0.0,0.0,0.0,0.0,0.0,0.0,0.0,0.0,60
0.5116569998939956,0.3348588943484408,-0.1588597201264945,-0.650212537629764,-0.3825485642009071,-0.6047399089819867,-0.27966010296623495,0.0,0.0,0.0,0.0,0.0,0.0,0.0,0.0,0.0,0.0,1.0,0.0,0.0,0.0,0.0,0.0,0.0,0.0,0.0,0.0,110
-0.1994749241082898,-0.25768242036741973,-0.38789866941321494,-0.7391386640997171,-0.28296202967301837,0.3505180364163104,-0.4506025436349447,0.0,0.0,0.0,0.0,0.0,0.0,0.0,0.0,0.0,0.0,0.0,1.0,0.0,0.0,0.0,0.0,0.0,0.0,0.0,0.0,100
-0.571708040578236,-0.5028719299050172,-0.5080152944852265,-0.9169909170396231,-0.24143124169921695,-0.12711093628283812,-0.8427646134043375,0.0,0.0,0.0,0.0,0.0,0.0,0.0,0.0,0.0,0.0,0.0,1.0,0.0,0.0,0.0,0.0,0.0,0.0,0.0,0.0,80
0.04497667476749581,0.08966938481084333,0.2857139424921048,0.9504577388293902,-0.1141817809135815,-0.6047399089819867,-0.22938291453426152,0.0,0.0,0.0,0.0,0.0,0.0,0.0,0.0,0.0,0.0,0.0,1.0,0.0,0.0,0.0,0.0,0.0,0.0,0.0,0.0,410
-0.4272593685152718,-0.3598447160080853,-0.46323809105601516,-0.8280647905696701,-0.4998612106860626,-0.6047399089819867,-0.7422102365403906,0.0,0.0,0.0,0.0,0.0,0.0,0.0,0.0,0.0,0.0,0.0,1.0,0.0,0.0,0.0,0.0,0.0,0.0,0.0,0.0,80
-0.4105922140464683,-0.2372499612392866,-0.40673352482391495,-0.561286411159811,-0.20081041840494648,-1.0823688816811352,-0.5411014828124968,0.0,0.0,0.0,0.0,0.0,0.0,0.0,0.0,0.0,0.0,0.0,1.0,0.0,0.0,0.0,0.0,0.0,0.0,0.0,0.0,120
-0.4161479322027361,-0.3598447160080853,-0.39109704108673,-0.472360284689858,-0.3019256935944474,-0.6047399089819867,-0.309826416025419,0.0,0.0,0.0,0.0,0.0,0.0,0.0,0.0,0.0,0.0,0.0,1.0,0.0,0.0,0.0,0.0,0.0,0.0,0.0,0.0,160
-0.7494910215788074,-0.6663316029300822,-0.4746100792285132,-0.02772965234009293,-0.026643178742684945,0.828147009115459,-0.44054710594854996,0.0,0.0,0.0,0.0,0.0,0.0,0.0,0.0,0.0,0.0,0.0,1.0,0.0,0.0,0.0,0.0,0.0,0.0,0.0,0.0,230
-0.6605995310785218,-0.5846017664175497,-0.4483123565796113,-0.20558190527999895,-0.27557311647522553,-0.12711093628283812,-0.18916116378868275,0.0,0.0,0.0,0.0,0.0,0.0,0.0,0.0,0.0,0.0,0.0,1.0,0.0,0.0,0.0,0.0,0.0,0.0,0.0,0.0,200
-0.805048203141486,-0.7071965211863483,-0.5428420082635022,-0.7391386640997171,-0.4018034168197862,1.3057759818146075,-0.44054710594854996,0.0,0.0,0.0,0.0,0.0,0.0,0.0,0.0,0.0,0.0,0.0,1.0,0.0,0.0,0.0,0.0,0.0,0.0,0.0,0.0,140
-0.4050364958902004,-0.3394122568799522,-0.5471065038281889,-1.2726954229194352,-0.42946634307753295,-0.6047399089819867,-1.013707054073047,0.0,0.0,0.0,0.0,0.0,0.0,0.0,0.0,0.0,0.0,0.0,1.0,0.0,0.0,0.0,0.0,0.0,0.0,0.0,0.0,30
0.36720832783103136,0.21226413957964207,-0.1579712835505181,-0.561286411159811,-0.20081041840494648,-0.12711093628283812,-0.6919330481084172,0.0,0.0,0.0,0.0,0.0,0.0,0.0,0.0,0.0,0.0,0.0,1.0,0.0,0.0,0.0,0.0,0.0,0.0,0.0,0.0,140
-0.5105951408592896,-0.44157455252061784,-0.2372198261276145,0.6836793594195312,-0.07985791320166641,-0.12711093628283812,-0.18916116378868275,0.0,0.0,0.0,0.0,0.0,0.0,0.0,0.0,0.0,0.0,0.0,1.0,0.0,0.0,0.0,0.0,0.0,0.0,0.0,0.0,330
-0.8328267939228252,-0.7480614394426146,-0.5499495008713134,-0.7391386640997171,-0.34360207591697406,1.783404954513756,-0.7422102365403906,0.0,0.0,0.0,0.0,0.0,0.0,0.0,0.0,0.0,0.0,0.0,1.0,0.0,0.0,0.0,0.0,0.0,0.0,0.0,0.0,110
-0.41475900266366916,-0.45689889686671764,0.04583606697847206,1.7507928770589674,0.0015293277355993848,-0.6047399089819867,0.8163826048507861,0.0,0.0,0.0,0.0,0.0,0.0,0.0,0.0,0.0,0.0,0.0,0.0,1.0,0.0,0.0,0.0,0.0,0.0,0.0,0.0,500
-0.5494851679531646,-0.48243947077688404,-0.5168996602449907,-1.0059170435095761,-0.701582180844527,-0.12711093628283812,-0.7522656742267853,0.0,0.0,0.0,0.0,0.0,0.0,0.0,0.0,0.0,0.0,0.0,0.0,1.0,0.0,0.0,0.0,0.0,0.0,0.0,0.0,70
-0.571708040578236,-0.4211420933924847,-0.47070095829421704,-0.650212537629764,-0.11851321278814954,-1.0823688816811352,-0.8729309264635216,0.0,0.0,0.0,0.0,0.0,0.0,0.0,0.0,0.0,0.0,0.0,0.0,1.0,0.0,0.0,0.0,0.0,0.0,0.0,0.0,70
-0.4272593685152718,-0.4211420933924847,-0.46323809105601516,-0.8280647905696701,-0.5406276283290579,0.3505180364163104,-0.9533744279546791,0.0,0.0,0.0,0.0,0.0,0.0,0.0,0.0,0.0,0.0,0.0,0.0,1.0,0.0,0.0,0.0,0.0,0.0,0.0,0.0,60
-0.6161537858283789,-0.5437368481612834,-0.5275608991567078,-1.0059170435095761,-0.7711034823607067,-0.12711093628283812,-0.7723765495995747,0.0,0.0,0.0,0.0,0.0,0.0,0.0,0.0,0.0,0.0,0.0,0.0,1.0,0.0,0.0,0.0,0.0,0.0,0.0,0.0,70
-0.5550408861094325,-0.4007096342643516,-0.5567016188487341,-1.2726954229194352,-0.5714208330843918,-0.6047399089819867,-0.9433189902682844,0.0,0.0,0.0,0.0,0.0,0.0,0.0,0.0,0.0,0.0,0.0,0.0,1.0,0.0,0.0,0.0,0.0,0.0,0.0,0.0,30
0.02830952029869225,-0.07379028821422164,-0.1714755195053596,-0.294508031749952,-0.40577086282254193,0.3505180364163104,-0.5813232335580756,0.0,0.0,0.0,0.0,0.0,0.0,0.0,0.0,0.0,0.0,0.0,0.0,1.0,0.0,0.0,0.0,0.0,0.0,0.0,0.0,190
-0.6717109673910574,-0.5846017664175497,-0.4440478610149245,-0.11665577881004595,-0.321398937736414,0.3505180364163104,0.11250196680315788,0.0,0.0,0.0,0.0,0.0,0.0,0.0,0.0,0.0,0.0,0.0,0.0,1.0,0.0,0.0,0.0,0.0,0.0,0.0,0.0,220
-0.44392652298407537,-0.38027717513621845,-0.5000193653014388,-1.0059170435095761,-0.14981599776402105,-0.12711093628283812,-0.8729309264635216,0.0,0.0,0.0,0.0,0.0,0.0,0.0,0.0,0.0,0.0,0.0,0.0,1.0,0.0,0.0,0.0,0.0,0.0,0.0,0.0,80
-0.5883751950470396,-0.5028719299050172,-0.4993086160406577,-0.8280647905696701,-0.055725649900500426,-0.12711093628283812,-0.8025428626587587,0.0,0.0,0.0,0.0,0.0,0.0,0.0,0.0,0.0,0.0,0.0,0.0,1.0,0.0,0.0,0.0,0.0,0.0,0.0,0.0,80
-0.6550438129222539,-0.5846017664175497,-0.44582473416687735,-0.20558190527999895,-0.41683603332564073,0.3505180364163104,-0.08860678692473588,0.0,0.0,0.0,0.0,0.0,0.0,0.0,0.0,0.0,0.0,0.0,0.0,1.0,0.0,0.0,0.0,0.0,0.0,0.0,0.0,210
-0.7217124307974682,-0.645899143801949,-0.43747343035269903,0.23904872706976613,-0.28296202967301837,0.828147009115459,-0.2696046652798403,0.0,0.0,0.0,0.0,0.0,0.0,0.0,0.0,0.0,0.0,0.0,0.0,1.0,0.0,0.0,0.0,0.0,0.0,0.0,0.0,310
-0.27725497829603973,-0.3189797977518191,-0.40779964871508667,-0.7391386640997171,-0.2924984595145048,-0.12711093628283812,-0.4103807928893659,0.0,0.0,0.0,0.0,0.0,0.0,0.0,0.0,0.0,0.0,0.0,0.0,1.0,0.0,0.0,0.0,0.0,0.0,0.0,0.0,100
-0.4939279863904861,-0.43135832295655124,-0.19457487048074648,0.8615316123594372,3.423760893103516,1.783404954513756,-0.6517112973628384,0.0,0.0,0.0,0.0,0.0,0.0,0.0,0.0,0.0,0.0,0.0,0.0,0.0,1.0,0.0,0.0,0.0,0.0,0.0,0.0,350
-0.5550408861094325,-0.48243947077688404,-0.4659034007839444,-0.650212537629764,-0.042403766992164554,-0.12711093628283812,-0.601434108930865,0.0,0.0,0.0,0.0,0.0,0.0,0.0,0.0,0.0,0.0,0.0,0.0,0.0,1.0,0.0,0.0,0.0,0.0,0.0,0.0,110
-0.6994895581723967,-0.6254666846738159,-0.5241848401679974,-0.8280647905696701,-0.22141201874953173,0.3505180364163104,-0.7120439234812065,0.0,0.0,0.0,0.0,0.0,0.0,0.0,0.0,0.0,0.0,0.0,0.0,0.0,1.0,0.0,0.0,0.0,0.0,0.0,0.0,90
-0.5161508590155575,-0.44157455252061784,-0.4831390703578869,-0.8280647905696701,-0.6624900982118689,-0.12711093628283812,-0.6517112973628384,0.0,0.0,0.0,0.0,0.0,0.0,0.0,0.0,0.0,0.0,0.0,0.0,0.0,1.0,0.0,0.0,0.0,0.0,0.0,0.0,100
-0.538373731640629,-0.38027717513621845,-0.5556354949575626,-1.2726954229194352,-0.34534920810167374,-1.0823688816811352,-1.013707054073047,0.0,0.0,0.0,0.0,0.0,0.0,0.0,0.0,0.0,0.0,0.0,0.0,0.0,1.0,0.0,0.0,0.0,0.0,0.0,0.0,30
-0.4883722682342182,-0.4211420933924847,-0.47692001432605197,-0.8280647905696701,-0.48144352557235215,-0.6047399089819867,-0.5712677958716809,0.0,0.0,0.0,0.0,0.0,0.0,0.0,0.0,0.0,0.0,0.0,0.0,0.0,1.0,0.0,0.0,0.0,0.0,0.0,0.0,80
-0.7883810486726823,-0.7071965211863483,-0.5275608991567078,-0.561286411159811,-0.24226840920438547,1.3057759818146075,-0.3198818537118137,0.0,0.0,0.0,0.0,0.0,0.0,0.0,0.0,0.0,0.0,0.0,0.0,0.0,1.0,0.0,0.0,0.0,0.0,0.0,0.0,170
-0.5883751950470396,-0.5028719299050172,-0.2731126637970618,0.8615316123594372,-0.30946020114096545,0.3505180364163104,0.011947589939211,0.0,0.0,0.0,0.0,0.0,0.0,0.0,0.0,0.0,0.0,0.0,0.0,0.0,1.0,0.0,0.0,0.0,0.0,0.0,0.0,380
-0.3661464687963254,-0.298547338623686,-0.4495561677859783,-0.8280647905696701,-0.055725649900500426,-0.12711093628283812,-0.8327091757179428,0.0,0.0,0.0,0.0,0.0,0.0,0.0,0.0,0.0,0.0,0.0,0.0,0.0,1.0,0.0,0.0,0.0,0.0,0.0,0.0,80
-0.44948224114034324,-0.27811487949555286,-0.5172550348753813,-1.0948431699795291,-0.8336362551380871,-1.0823688816811352,-0.7220993611676012,0.0,0.0,0.0,0.0,0.0,0.0,0.0,0.0,0.0,0.0,0.0,0.0,0.0,1.0,0.0,0.0,0.0,0.0,0.0,0.0,50
-0.43837080482780755,-0.3598447160080853,-0.48242832109710576,-0.9169909170396231,-0.3334832686805876,-0.6047399089819867,-0.9030972395227056,0.0,0.0,0.0,0.0,0.0,0.0,0.0,0.0,0.0,0.0,0.0,0.0,0.0,1.0,0.0,0.0,0.0,0.0,0.0,0.0,70
0.42276550939370994,0.2531290578359083,-0.22869083499824092,-0.7391386640997171,-0.3175406874952019,-0.12711093628283812,-0.3902699175165765,0.0,0.0,0.0,0.0,0.0,0.0,0.0,0.0,0.0,0.0,0.0,0.0,0.0,1.0,0.0,0.0,0.0,0.0,0.0,0.0,120
-0.343923596171254,-0.3598447160080853,-0.4248576309738339,-0.7391386640997171,-0.5974094243318013,0.3505180364163104,-0.18916116378868275,0.0,0.0,0.0,0.0,0.0,0.0,0.0,0.0,0.0,0.0,0.0,0.0,0.0,1.0,0.0,0.0,0.0,0.0,0.0,0.0,120
-0.6383766584534503,-0.5641693072894165,-0.44866773121000186,-0.294508031749952,-0.40577086282254193,0.3505180364163104,0.011947589939211,0.0,0.0,0.0,0.0,0.0,0.0,0.0,0.0,0.0,0.0,0.0,0.0,0.0,1.0,0.0,0.0,0.0,0.0,0.0,0.0,190
-0.7772696123601467,-0.6867640620582153,-0.5415981970571351,-0.8280647905696701,-0.5081964871505678,1.3057759818146075,-0.7723765495995747,0.0,0.0,0.0,0.0,0.0,0.0,0.0,0.0,0.0,0.0,0.0,0.0,0.0,1.0,0.0,0.0,0.0,0.0,0.0,0.0,100
-0.5605966042657003,-0.48243947077688404,-0.28839377290385615,0.5947532329495782,-0.7277527650278428,-0.12711093628283812,0.11250196680315788,0.0,0.0,0.0,0.0,0.0,0.0,0.0,0.0,0.0,0.0,0.0,0.0,0.0,1.0,0.0,0.0,0.0,0.0,0.0,0.0,350
-0.3605907506400576,-0.38027717513621845,-0.21802959608652392,0.23904872706976613,-0.7694655459375507,-0.12711093628283812,-0.08860678692473588,0.0,0.0,0.0,0.0,0.0,0.0,0.0,0.0,0.0,0.0,0.0,0.0,0.0,1.0,0.0,0.0,0.0,0.0,0.0,0.0,270
-0.7550467397350752,-0.6254666846738159,-0.5760695362050201,-1.3616215493893882,-1.3043427845659585,-0.6047399089819867,-0.9131526772091003,0.0,0.0,0.0,0.0,0.0,0.0,0.0,0.0,0.0,0.0,0.0,0.0,0.0,1.0,0.0,0.0,0.0,0.0,0.0,0.0,20
-0.7550467397350752,-0.6663316029300822,-0.45115535362273584,0.3279748535397191,-0.2639255685772267,0.828147009115459,-0.44054710594854996,0.0,0.0,0.0,0.0,0.0,0.0,0.0,0.0,0.0,0.0,0.0,0.0,0.0,1.0,0.0,0.0,0.0,0.0,0.0,0.0,280
-0.6383766584534503,-0.5641693072894165,-0.44866773121000186,-0.294508031749952,-0.08360696768133463,-0.12711093628283812,-0.21932747684786683,0.0,0.0,0.0,0.0,0.0,0.0,0.0,0.0,0.0,0.0,0.0,0.0,0.0,1.0,0.0,0.0,0.0,0.0,0.0,0.0,230
-0.6717109673910574,-0.5846017664175497,-0.38860941867399607,0.41690098000967213,-0.8399332107204425,-0.12711093628283812,-0.08860678692473588,0.0,0.0,0.0,0.0,0.0,0.0,0.0,0.0,0.0,0.0,0.0,0.0,0.0,1.0,0.0,0.0,0.0,0.0,0.0,0.0,320
-0.7661581760476109,-0.645899143801949,-0.5204534065488964,-0.561286411159811,-0.20081041840494648,-0.12711093628283812,-0.5411014828124968,0.0,0.0,0.0,0.0,0.0,0.0,0.0,0.0,0.0,0.0,0.0,0.0,0.0,0.0,1.0,0.0,0.0,0.0,0.0,0.0,130
-0.6161537858283789,-0.5437368481612834,-0.34027846894087893,0.5058271064796251,-0.6525168853242077,-0.12711093628283812,0.011947589939211,0.0,0.0,0.0,0.0,0.0,0.0,0.0,0.0,0.0,0.0,0.0,0.0,0.0,0.0,1.0,0.0,0.0,0.0,0.0,0.0,330
-0.33836787801498613,-0.27811487949555286,0.05418737079265037,1.3950883711791553,-0.482025902967252,-0.12711093628283812,0.5147194742589454,0.0,0.0,0.0,0.0,0.0,0.0,0.0,0.0,0.0,0.0,0.0,0.0,0.0,0.0,1.0,0.0,0.0,0.0,0.0,0.0,430
-0.7606024578913431,-0.6663316029300822,-0.531470020091004,-0.7391386640997171,-0.32958861985219434,0.828147009115459,-0.8829863641499163,0.0,0.0,0.0,0.0,0.0,0.0,0.0,0.0,0.0,0.0,0.0,0.0,0.0,0.0,1.0,0.0,0.0,0.0,0.0,0.0,70
-0.7050452763286645,-0.6254666846738159,-0.4109980203886018,0.41690098000967213,-0.33887025958341205,0.3505180364163104,0.21305634366710477,0.0,0.0,0.0,0.0,0.0,0.0,0.0,0.0,0.0,0.0,0.0,0.0,0.0,0.0,1.0,0.0,0.0,0.0,0.0,0.0,360
-0.7383795852662717,-0.645899143801949,-0.5115690407891322,-0.561286411159811,-0.4579300382532672,0.828147009115459,-0.35004816677099776,0.0,0.0,0.0,0.0,0.0,0.0,0.0,0.0,0.0,0.0,0.0,0.0,0.0,0.0,1.0,0.0,0.0,0.0,0.0,0.0,160
-0.7217124307974682,-0.645899143801949,-0.4527545394594934,0.06119647412986008,-0.5270509553104531,0.3505180364163104,-0.44054710594854996,0.0,0.0,0.0,0.0,0.0,0.0,0.0,0.0,0.0,0.0,0.0,0.0,0.0,0.0,1.0,0.0,0.0,0.0,0.0,0.0,210
-0.27725497829603973,-0.2168175021111535,-0.42965518848410655,-0.8280647905696701,-0.2723336422160945,-0.6047399089819867,-0.8528200510907321,0.0,0.0,0.0,0.0,0.0,0.0,0.0,0.0,0.0,0.0,0.0,0.0,0.0,0.0,1.0,0.0,0.0,0.0,0.0,0.0,90
-0.4328150866715397,-0.3598447160080853,-0.2787986578833109,0.1501226005998131,-0.7123197640629945,-0.6047399089819867,-0.5109351697533128,0.0,0.0,0.0,0.0,0.0,0.0,0.0,0.0,0.0,0.0,0.0,0.0,0.0,0.0,1.0,0.0,0.0,0.0,0.0,0.0,240
-0.5439294497968967,-0.46200701164875096,-0.5026846750293681,-0.9169909170396231,-0.47809485555167747,-0.12711093628283812,-0.7321547988539959,0.0,0.0,0.0,0.0,0.0,0.0,0.0,0.0,0.0,0.0,0.0,0.0,0.0,0.0,1.0,0.0,0.0,0.0,0.0,0.0,80
-0.8494939483916287,-0.6663316029300822,-0.5009078018774152,0.5947532329495782,-0.3962344329810555,-1.5599978543802837,-0.2696046652798403,0.0,0.0,0.0,0.0,0.0,0.0,0.0,0.0,0.0,0.0,0.0,0.0,0.0,0.0,0.0,1.0,0.0,0.0,0.0,0.0,300
2.7617228531824765,4.237458587821867,0.4888105437603138,-0.650212537629764,-1.000050595730743,1.3057759818146075,-0.5109351697533128,0.0,0.0,0.0,0.0,0.0,0.0,0.0,0.0,0.0,0.0,0.0,0.0,0.0,0.0,0.0,1.0,0.0,0.0,0.0,0.0,150
-0.5105951408592896,-0.44157455252061784,-0.4962879316823378,-0.9169909170396231,-0.4439893793628501,-0.12711093628283812,-0.8327091757179428,0.0,0.0,0.0,0.0,0.0,0.0,0.0,0.0,0.0,0.0,0.0,0.0,0.0,0.0,0.0,1.0,0.0,0.0,0.0,0.0,80
-0.7106009944849324,-0.6254666846738159,-0.5746480376834578,-1.3616215493893882,-1.3152259621331508,0.3505180364163104,-0.9131526772091003,0.0,0.0,0.0,0.0,0.0,0.0,0.0,0.0,0.0,0.0,0.0,0.0,0.0,0.0,0.0,1.0,0.0,0.0,0.0,0.0,50
-0.5272622953280932,-0.46200701164875096,-0.37474980808876396,-0.11665577881004595,-0.44355259631667515,-0.12711093628283812,-0.08860678692473588,0.0,0.0,0.0,0.0,0.0,0.0,0.0,0.0,0.0,0.0,0.0,0.0,0.0,0.0,0.0,1.0,0.0,0.0,0.0,0.0,230
-0.43837080482780755,-0.3598447160080853,-0.14837616852997276,0.8615316123594372,-0.5594456979017619,-0.6047399089819867,0.31361072053105166,0.0,0.0,0.0,0.0,0.0,0.0,0.0,0.0,0.0,0.0,0.0,0.0,0.0,0.0,0.0,1.0,0.0,0.0,0.0,0.0,370
-0.7550467397350752,-0.6254666846738159,-0.43800649229828487,0.5058271064796251,-0.7838429878741427,-0.6047399089819867,0.5147194742589454,0.0,0.0,0.0,0.0,0.0,0.0,0.0,0.0,0.0,0.0,0.0,0.0,0.0,0.0,0.0,1.0,0.0,0.0,0.0,0.0,310
3.928423665998726,5.1773517077159905,-0.11354945475169721,-1.1837692964494821,-1.175746576054617,0.828147009115459,-0.3902699175165765,0.0,0.0,0.0,0.0,0.0,0.0,0.0,0.0,0.0,0.0,0.0,0.0,0.0,0.0,0.0,0.0,1.0,0.0,0.0,0.0,50
0.011642365829888686,-0.25768242036741973,-0.4893581263897218,-1.1837692964494821,-0.5594092993145806,1.783404954513756,-0.9634298656410737,0.0,0.0,0.0,0.0,0.0,0.0,0.0,0.0,0.0,0.0,0.0,0.0,0.0,0.0,0.0,0.0,1.0,0.0,0.0,0.0,60
-0.11613915176427198,0.08966938481084333,-0.4746100792285132,-1.0948431699795291,-0.9648895605136597,-1.0823688816811352,-0.8427646134043375,0.0,0.0,0.0,0.0,0.0,0.0,0.0,0.0,0.0,0.0,0.0,0.0,0.0,0.0,0.0,0.0,1.0,0.0,0.0,0.0,60
0.24498252839313858,0.11010184393897646,-0.23562064029085694,-0.650212537629764,-0.41985711606168413,-0.12711093628283812,-0.7522656742267853,0.0,0.0,0.0,0.0,0.0,0.0,0.0,0.0,0.0,0.0,0.0,0.0,0.0,0.0,0.0,0.0,1.0,0.0,0.0,0.0,130
-0.3939250595776647,-0.4007096342643516,-0.45577522381781316,-0.8280647905696701,-0.5301084366336779,0.3505180364163104,-0.8025428626587587,0.0,0.0,0.0,0.0,0.0,0.0,0.0,0.0,0.0,0.0,0.0,0.0,0.0,0.0,0.0,0.0,1.0,0.0,0.0,0.0,100
-0.17725205148321838,-0.2372499612392866,-0.1567274723441511,0.06119647412986008,-0.7848621483152175,-0.12711093628283812,-0.12882853767031463,0.0,0.0,0.0,0.0,0.0,0.0,0.0,0.0,0.0,0.0,0.0,0.0,0.0,0.0,0.0,0.0,1.0,0.0,0.0,0.0,270
-0.20503064226455764,-0.1555201247267541,-0.31682374333510155,-0.472360284689858,-0.6537908358755512,-0.6047399089819867,-0.6919330481084172,0.0,0.0,0.0,0.0,0.0,0.0,0.0,0.0,0.0,0.0,0.0,0.0,0.0,0.0,0.0,0.0,1.0,0.0,0.0,0.0,150
-0.421703650359004,-0.3598447160080853,-0.5654082972933031,-1.3616215493893882,-1.3043427845659585,-0.6047399089819867,-0.9935961787002578,0.0,0.0,0.0,0.0,0.0,0.0,0.0,0.0,0.0,0.0,0.0,0.0,0.0,0.0,0.0,0.0,1.0,0.0,0.0,0.0,20
-0.7272681489537359,-0.645899143801949,-0.4408494893414094,0.23904872706976613,-0.9005732569643982,0.828147009115459,-0.3399927290846031,0.0,0.0,0.0,0.0,0.0,0.0,0.0,0.0,0.0,0.0,0.0,0.0,0.0,0.0,0.0,0.0,1.0,0.0,0.0,0.0,310
-0.6661552492347895,-0.5846017664175497,-0.5261394006351454,-0.9169909170396231,-0.7426761857721537,0.3505180364163104,-0.6416558596764437,0.0,0.0,0.0,0.0,0.0,0.0,0.0,0.0,0.0,0.0,0.0,0.0,0.0,0.0,0.0,0.0,1.0,0.0,0.0,0.0,90
0.10608957448644221,0.13053430306710959,-0.37794817976227907,-0.9169909170396231,-0.52170036299481,-1.0823688816811352,-0.792487424972364,0.0,0.0,0.0,0.0,0.0,0.0,0.0,0.0,0.0,0.0,0.0,0.0,0.0,0.0,0.0,0.0,1.0,0.0,0.0,0.0,70
-0.5772637587345039,-0.5028719299050172,-0.42325844513707633,-0.294508031749952,-0.40001988604790517,-0.12711093628283812,-0.5511569204988915,0.0,0.0,0.0,0.0,0.0,0.0,0.0,0.0,0.0,0.0,0.0,0.0,0.0,0.0,0.0,0.0,1.0,0.0,0.0,0.0,190
-0.6828224037035932,-0.645899143801949,-0.5382221380684248,-1.0059170435095761,-0.3439660617887864,1.3057759818146075,-0.9332635525818896,0.0,0.0,0.0,0.0,0.0,0.0,0.0,0.0,0.0,0.0,0.0,0.0,0.0,0.0,0.0,0.0,1.0,0.0,0.0,0.0,70
-0.6717109673910574,-0.5846017664175497,-0.5179657841361625,-0.8280647905696701,-0.9070158068954787,-0.12711093628283812,-0.76232111191318,0.0,0.0,0.0,0.0,0.0,0.0,0.0,0.0,0.0,0.0,0.0,0.0,0.0,0.0,0.0,0.0,1.0,0.0,0.0,0.0,110
-0.12169486992053982,-0.19638504298302037,-0.2875053363278798,-0.472360284689858,-0.7738333763993002,-0.12711093628283812,-0.4506025436349447,0.0,0.0,0.0,0.0,0.0,0.0,0.0,0.0,0.0,0.0,0.0,0.0,0.0,0.0,0.0,0.0,1.0,0.0,0.0,0.0,140
-0.6605995310785218,-0.5846017664175497,-0.3811465514357941,0.41690098000967213,-0.5372789583083832,0.3505180364163104,-0.4807688566941287,0.0,0.0,0.0,0.0,0.0,0.0,0.0,0.0,0.0,0.0,0.0,0.0,0.0,0.0,0.0,0.0,1.0,0.0,0.0,0.0,350
-0.6994895581723967,-0.6050342255456828,-0.35715876388443085,0.9504577388293902,-0.5033554750554621,0.3505180364163104,-0.3399927290846031,0.0,0.0,0.0,0.0,0.0,0.0,0.0,0.0,0.0,0.0,0.0,0.0,0.0,0.0,0.0,0.0,1.0,0.0,0.0,0.0,430
-0.610598067672111,-0.5233043890331504,-0.29159214457737126,0.8615316123594372,-0.7700115247452692,-0.12711093628283812,0.011947589939211,0.0,0.0,0.0,0.0,0.0,0.0,0.0,0.0,0.0,0.0,0.0,0.0,0.0,0.0,0.0,0.0,1.0,0.0,0.0,0.0,350
-0.7550467397350752,-0.7071965211863483,-0.4906019375960888,-0.20558190527999895,-0.7901763420436796,3.6939208453103505,-0.6215449843036543,0.0,0.0,0.0,0.0,0.0,0.0,0.0,0.0,0.0,0.0,0.0,0.0,0.0,0.0,0.0,0.0,1.0,0.0,0.0,0.0,270
-0.03280337942025415,-0.11465520647048788,-0.4342750586791839,-1.0059170435095761,-0.9552075363234482,0.3505180364163104,-0.6818776104220224,0.0,0.0,0.0,0.0,0.0,0.0,0.0,0.0,0.0,0.0,0.0,0.0,0.0,0.0,0.0,0.0,1.0,0.0,0.0,0.0,80
-0.610598067672111,-0.5437368481612834,-0.392340852293097,0.06119647412986008,-0.5147846314303732,-0.12711093628283812,-0.27966010296623495,0.0,0.0,0.0,0.0,0.0,0.0,0.0,0.0,0.0,0.0,0.0,0.0,0.0,0.0,0.0,0.0,1.0,0.0,0.0,0.0,220
-0.5828194768907717,-0.5437368481612834,-0.3289064807683808,0.41690098000967213,-0.6380302476260717,0.828147009115459,-0.18916116378868275,0.0,0.0,0.0,0.0,0.0,0.0,0.0,0.0,0.0,0.0,0.0,0.0,0.0,0.0,0.0,0.0,0.0,1.0,0.0,0.0,330
-0.19391920595202194,-0.135087665598621,-0.06770612743131404,0.41690098000967213,-0.7829330231946116,-0.6047399089819867,-0.4003253552029712,0.0,0.0,0.0,0.0,0.0,0.0,0.0,0.0,0.0,0.0,0.0,0.0,0.0,0.0,0.0,0.0,0.0,1.0,0.0,0.0,300
-0.6550438129222539,-0.5641693072894165,-0.5435527575242832,-1.0948431699795291,-0.8967150067231862,0.3505180364163104,-0.8930418018363109,0.0,0.0,0.0,0.0,0.0,0.0,0.0,0.0,0.0,0.0,0.0,0.0,0.0,0.0,0.0,0.0,0.0,1.0,0.0,0.0,50
-0.12169486992053982,-0.19638504298302037,0.1149564325894374,0.8615316123594372,-0.5594456979017619,-0.12711093628283812,-0.12882853767031463,0.0,0.0,0.0,0.0,0.0,0.0,0.0,0.0,0.0,0.0,0.0,0.0,0.0,0.0,0.0,0.0,0.0,1.0,0.0,0.0,390
-0.4105922140464683,-0.3394122568799522,-0.3011872595979166,-0.02772965234009293,-0.5517655960065192,-0.6047399089819867,-0.25954922759344556,0.0,0.0,0.0,0.0,0.0,0.0,0.0,0.0,0.0,0.0,0.0,0.0,0.0,0.0,0.0,0.0,0.0,1.0,0.0,0.0,210
-0.016136224951450586,-0.27811487949555286,-0.008713938786479948,0.23904872706976613,-0.4988056516578064,1.3057759818146075,-0.2696046652798403,0.0,0.0,0.0,0.0,0.0,0.0,0.0,0.0,0.0,0.0,0.0,0.0,0.0,0.0,0.0,0.0,0.0,1.0,0.0,0.0,340
-0.33836787801498613,-0.3598447160080853,-0.1448224222260671,0.5058271064796251,-0.7838429878741427,0.3505180364163104,0.11250196680315788,0.0,0.0,0.0,0.0,0.0,0.0,0.0,0.0,0.0,0.0,0.0,0.0,0.0,0.0,0.0,0.0,0.0,1.0,0.0,0.0,350
-0.6272652221409146,-0.5437368481612834,-0.4547090999266415,-0.383434158219905,-0.9568818713337857,-0.12711093628283812,-0.46065798132133934,0.0,0.0,0.0,0.0,0.0,0.0,0.0,0.0,0.0,0.0,0.0,0.0,0.0,0.0,0.0,0.0,0.0,1.0,0.0,0.0,160
-0.31614500538991475,-0.3394122568799522,-0.41775013836602254,-0.7391386640997171,-0.7357968527948983,0.3505180364163104,-0.6919330481084172,0.0,0.0,0.0,0.0,0.0,0.0,0.0,0.0,0.0,0.0,0.0,0.0,0.0,0.0,0.0,0.0,0.0,1.0,0.0,0.0,120
-0.7106009944849324,-0.6254666846738159,-0.438717241559066,0.1501226005998131,-0.8351649957996993,0.3505180364163104,-0.1690502884158934,0.0,0.0,0.0,0.0,0.0,0.0,0.0,0.0,0.0,0.0,0.0,0.0,0.0,0.0,0.0,0.0,0.0,1.0,0.0,0.0,270
-0.6217095039846467,-0.5437368481612834,-0.4525768521442981,-0.383434158219905,-0.9183357675088462,0.3505180364163104,-0.6517112973628384,0.0,0.0,0.0,0.0,0.0,0.0,0.0,0.0,0.0,0.0,0.0,0.0,0.0,0.0,0.0,0.0,0.0,1.0,0.0,0.0,160
-0.5161508590155575,-0.3598447160080853,-0.5684289816516229,-1.3616215493893882,-1.18167954576516,-1.0823688816811352,-1.053928804818626,0.0,0.0,0.0,0.0,0.0,0.0,0.0,0.0,0.0,0.0,0.0,0.0,0.0,0.0,0.0,0.0,0.0,1.0,0.0,0.0,20
-0.6939338400161288,-0.6050342255456828,-0.47176708218538876,-0.294508031749952,-0.5476161570678569,0.3505180364163104,-0.6718221727356278,0.0,0.0,0.0,0.0,0.0,0.0,0.0,0.0,0.0,0.0,0.0,0.0,0.0,0.0,0.0,0.0,0.0,1.0,0.0,0.0,190
-0.2883664146085755,-0.3189797977518191,-0.23864132464917678,-0.02772965234009293,-0.8574045325674405,0.3505180364163104,-0.4103807928893659,0.0,0.0,0.0,0.0,0.0,0.0,0.0,0.0,0.0,0.0,0.0,0.0,0.0,0.0,0.0,0.0,0.0,1.0,0.0,0.0,260
0.10053385633017435,-0.012492910829822275,-0.03963153163045924,-0.02772965234009293,-0.6031967996936195,-0.12711093628283812,-0.27966010296623495,0.0,0.0,0.0,0.0,0.0,0.0,0.0,0.0,0.0,0.0,0.0,0.0,0.0,0.0,0.0,0.0,0.0,1.0,0.0,0.0,210
-0.27725497829603973,-0.3189797977518191,-0.3640885691770469,-0.561286411159811,-0.7733965933531252,-0.12711093628283812,-0.46065798132133934,0.0,0.0,0.0,0.0,0.0,0.0,0.0,0.0,0.0,0.0,0.0,0.0,0.0,0.0,0.0,0.0,0.0,1.0,0.0,0.0,140
-0.10502771545173625,-0.17595258385488724,0.019360657014374862,0.5058271064796251,-0.7838429878741427,-0.12711093628283812,-0.4304916682621553,0.0,0.0,0.0,0.0,0.0,0.0,0.0,0.0,0.0,0.0,0.0,0.0,0.0,0.0,0.0,0.0,0.0,1.0,0.0,0.0,330
-0.19391920595202194,-0.135087665598621,-0.4355188698855509,-0.9169909170396231,-1.1252253370470477,-0.6047399089819867,-0.6617667350492331,0.0,0.0,0.0,0.0,0.0,0.0,0.0,0.0,0.0,0.0,0.0,0.0,0.0,0.0,0.0,0.0,0.0,1.0,0.0,0.0,90
-0.4328150866715397,-0.3598447160080853,-0.34631983765751856,-0.20558190527999895,-0.7901763420436796,-0.12711093628283812,-0.4807688566941287,0.0,0.0,0.0,0.0,0.0,0.0,0.0,0.0,0.0,0.0,0.0,0.0,0.0,0.0,0.0,0.0,0.0,1.0,0.0,0.0,160
0.13942388342404935,0.17139922132337582,0.015451536080078647,0.06119647412986008,-0.8193316103758574,-0.6047399089819867,-0.29977097833902433,0.0,0.0,0.0,0.0,0.0,0.0,0.0,0.0,0.0,0.0,0.0,0.0,0.0,0.0,0.0,0.0,0.0,1.0,0.0,0.0,260
-0.805048203141486,-0.6867640620582153,-0.5627429875653739,-1.0948431699795291,-0.8336362551380871,-0.12711093628283812,-0.9131526772091003,0.0,0.0,0.0,0.0,0.0,0.0,0.0,0.0,0.0,0.0,0.0,0.0,0.0,0.0,0.0,0.0,0.0,0.0,1.0,0.0,50
-0.4050364958902004,-0.3394122568799522,-0.298344262554792,-0.02772965234009293,-0.8898356737459306,-0.6047399089819867,-0.22938291453426152,0.0,0.0,0.0,0.0,0.0,0.0,0.0,0.0,0.0,0.0,0.0,0.0,0.0,0.0,0.0,0.0,0.0,0.0,1.0,0.0,250
-0.11058343360800411,-0.07379028821422164,-0.5554578076423672,-1.3616215493893882,-1.3152259621331508,-0.6047399089819867,-0.9734853033274684,0.0,0.0,0.0,0.0,0.0,0.0,0.0,0.0,0.0,0.0,0.0,0.0,0.0,0.0,0.0,0.0,0.0,0.0,1.0,0.0,40
-0.6050423495158431,-0.5233043890331504,-0.4006921561072753,-0.02772965234009293,-0.7386723411822165,-0.12711093628283812,-0.3902699175165765,0.0,0.0,0.0,0.0,0.0,0.0,0.0,0.0,0.0,0.0,0.0,0.0,0.0,0.0,0.0,0.0,0.0,0.0,1.0,0.0,230
-0.7383795852662717,-0.6050342255456828,-0.5186765333969435,-0.650212537629764,-0.897879761512986,-0.6047399089819867,-0.76232111191318,0.0,0.0,0.0,0.0,0.0,0.0,0.0,0.0,0.0,0.0,0.0,0.0,0.0,0.0,0.0,0.0,0.0,0.0,1.0,0.0,110
-0.7328238671100038,-0.645899143801949,-0.5462180672522126,-1.0059170435095761,-0.9204468855653584,0.828147009115459,-0.6919330481084172,0.0,0.0,0.0,0.0,0.0,0.0,0.0,0.0,0.0,0.0,0.0,0.0,0.0,0.0,0.0,0.0,0.0,0.0,1.0,0.0,70
-0.6717109673910574,-0.5846017664175497,-0.4810068225755435,-0.472360284689858,-0.7738333763993002,0.3505180364163104,-0.6718221727356278,0.0,0.0,0.0,0.0,0.0,0.0,0.0,0.0,0.0,0.0,0.0,0.0,0.0,0.0,0.0,0.0,0.0,0.0,1.0,0.0,160
0.16164675604912077,0.04880446655457709,-0.0801442394949839,-0.20558190527999895,-0.8874333669919684,-0.12711093628283812,-0.5913786712444703,0.0,0.0,0.0,0.0,0.0,0.0,0.0,0.0,0.0,0.0,0.0,0.0,0.0,0.0,0.0,0.0,0.0,0.0,1.0,0.0,200
-0.49948370454675395,-0.3394122568799522,-0.5383998253836201,-1.1837692964494821,-1.230999631395748,-1.0823688816811352,-0.9030972395227056,0.0,0.0,0.0,0.0,0.0,0.0,0.0,0.0,0.0,0.0,0.0,0.0,0.0,0.0,0.0,0.0,0.0,0.0,1.0,0.0,40
-0.5105951408592896,-0.44157455252061784,-0.13647111841188878,1.3061622447092023,-0.5300356394593153,-0.12711093628283812,-0.27966010296623495,0.0,0.0,0.0,0.0,0.0,0.0,0.0,0.0,0.0,0.0,0.0,0.0,0.0,0.0,0.0,0.0,0.0,0.0,1.0,0.0,420
0.49498984542519203,0.31442643522030767,0.8139783305676827,1.2172361182392493,-0.5780089773641973,-0.12711093628283812,-0.08860678692473588,0.0,0.0,0.0,0.0,0.0,0.0,0.0,0.0,0.0,0.0,0.0,0.0,0.0,0.0,0.0,0.0,0.0,0.0,1.0,0.0,400
-0.6772666855473253,-0.6050342255456828,-0.5463957545674079,-1.0948431699795291,-0.9250331075501955,0.3505180364163104,-0.9433189902682844,0.0,0.0,0.0,0.0,0.0,0.0,0.0,0.0,0.0,0.0,0.0,0.0,0.0,0.0,0.0,0.0,0.0,0.0,1.0,0.0,50
-0.32170072354618257,-0.3394122568799522,-0.2965673894028392,-0.20558190527999895,-0.8986077332566108,0.3505180364163104,-0.09866222461113057,0.0,0.0,0.0,0.0,0.0,0.0,0.0,0.0,0.0,0.0,0.0,0.0,0.0,0.0,0.0,0.0,0.0,0.0,1.0,0.0,240
-0.31614500538991475,-0.3394122568799522,-0.02612729567561775,0.9504577388293902,-0.430048720472433,0.3505180364163104,0.11250196680315788,0.0,0.0,0.0,0.0,0.0,0.0,0.0,0.0,0.0,0.0,0.0,0.0,0.0,0.0,0.0,0.0,0.0,0.0,1.0,0.0,420
-0.43837080482780755,-0.38027717513621845,-0.3321048524418959,-0.11665577881004595,-0.6434172385288962,-0.12711093628283812,-0.6617667350492331,0.0,0.0,0.0,0.0,0.0,0.0,0.0,0.0,0.0,0.0,0.0,0.0,0.0,0.0,0.0,0.0,0.0,0.0,1.0,0.0,220
-0.6605995310785218,-0.5846017664175497,-0.5154781617234284,-0.8280647905696701,-0.6624900982118689,0.3505180364163104,-0.6718221727356278,0.0,0.0,0.0,0.0,0.0,0.0,0.0,0.0,0.0,0.0,0.0,0.0,0.0,0.0,0.0,0.0,0.0,0.0,1.0,0.0,100
-0.04391481573278986,0.007939548298310848,-0.05491264073725365,0.1501226005998131,-0.4393303602036505,-0.6047399089819867,-0.601434108930865,0.0,0.0,0.0,0.0,0.0,0.0,0.0,0.0,0.0,0.0,0.0,0.0,0.0,0.0,0.0,0.0,0.0,0.0,1.0,0.0,200
0.050532392923763665,0.08966938481084333,0.09647695180912785,0.41690098000967213,-0.6380302476260717,-0.6047399089819867,-0.37015904214378714,0.0,0.0,0.0,0.0,0.0,0.0,0.0,0.0,0.0,0.0,0.0,0.0,0.0,0.0,0.0,0.0,0.0,0.0,1.0,0.0,300
0.533879872519067,0.3348588943484408,0.468909564458442,0.5058271064796251,-0.7838429878741427,-0.12711093628283812,-0.08860678692473588,0.0,0.0,0.0,0.0,0.0,0.0,0.0,0.0,0.0,0.0,0.0,0.0,0.0,0.0,0.0,0.0,0.0,0.0,1.0,0.0,330
-0.07169340651412913,-0.0329253699579554,0.07124535305139762,0.5947532329495782,-0.9434871912510872,-0.6047399089819867,0.4141650973949985,0.0,0.0,0.0,0.0,0.0,0.0,0.0,0.0,0.0,0.0,0.0,0.0,0.0,0.0,0.0,0.0,0.0,0.0,1.0,0.0,300
7.095183015071403,9.079951401189417,5.60087460192862,0.6836793594195312,-0.9133127624778342,2.2610339272129045,-0.3399927290846031,0.0,0.0,0.0,0.0,0.0,0.0,0.0,0.0,0.0,0.0,0.0,0.0,0.0,0.0,0.0,0.0,0.0,0.0,0.0,1.0,350
2.095036674430334,2.725456612340016,1.3719165002808729,0.3279748535397191,-0.7766724661994372,-0.12711093628283812,-0.42043623057576057,0.0,0.0,0.0,0.0,0.0,0.0,0.0,0.0,0.0,0.0,0.0,0.0,0.0,0.0,0.0,0.0,0.0,0.0,0.0,1.0,300
7.095183015071403,9.345573369855147,0.4479424612653986,-1.0948431699795291,-1.1552541714715756,0.3505180364163104,-0.8729309264635216,0.0,0.0,0.0,0.0,0.0,0.0,0.0,0.0,0.0,0.0,0.0,0.0,0.0,0.0,0.0,0.0,0.0,0.0,0.0,1.0,60
-0.09391627913920055,0.19183168045150895,0.5261248799513234,2.1064973829387794,-0.4798055891491959,-0.12711093628283812,1.2186001123065735,0.0,0.0,0.0,0.0,0.0,0.0,0.0,0.0,0.0,0.0,0.0,0.0,0.0,0.0,0.0,0.0,0.0,0.0,0.0,1.0,450
-0.5105951408592896,-0.3598447160080853,-0.5250732767439739,-1.0948431699795291,-1.020470203139422,-0.6047399089819867,-0.5209906074397075,0.0,0.0,0.0,0.0,0.0,0.0,0.0,0.0,0.0,0.0,0.0,0.0,0.0,0.0,0.0,0.0,0.0,0.0,0.0,1.0,50
-0.4939279863904861,-0.48243947077688404,-0.46323809105601516,-0.7391386640997171,-1.0223265310856655,0.828147009115459,-0.44054710594854996,0.0,0.0,0.0,0.0,0.0,0.0,0.0,0.0,0.0,0.0,0.0,0.0,0.0,0.0,0.0,0.0,0.0,0.0,0.0,1.0,120
-0.3661464687963254,-0.298547338623686,-0.29745582597881565,-0.11665577881004595,-0.960339737116004,-0.12711093628283812,0.4141650973949985,0.0,0.0,0.0,0.0,0.0,0.0,0.0,0.0,0.0,0.0,0.0,0.0,0.0,0.0,0.0,0.0,0.0,0.0,0.0,1.0,240
-0.37170218695259327,-0.19638504298302037,-0.5449742560458456,-1.2726954229194352,-1.2707104900104873,-1.0823688816811352,-0.8829863641499163,0.0,0.0,0.0,0.0,0.0,0.0,0.0,0.0,0.0,0.0,0.0,0.0,0.0,0.0,0.0,0.0,0.0,0.0,0.0,1.0,30
-0.18836348779575407,-0.135087665598621,-0.5085483564308124,-1.1837692964494821,-1.264741121712763,-1.0823688816811352,-0.7422102365403906,0.0,0.0,0.0,0.0,0.0,0.0,0.0,0.0,0.0,0.0,0.0,0.0,0.0,0.0,0.0,0.0,0.0,0.0,0.0,1.0,40
-0.649488094765986,-0.4211420933924847,-0.5428420082635022,-1.0948431699795291,-0.8551842187493846,-1.5599978543802837,-0.7422102365403906,0.0,0.0,0.0,0.0,0.0,0.0,0.0,0.0,0.0,0.0,0.0,0.0,0.0,0.0,0.0,0.0,0.0,0.0,0.0,1.0,50
-0.6383766584534503,-0.5641693072894165,-0.3971384098033697,0.1501226005998131,-0.748791148418603,0.3505180364163104,0.31361072053105166,0.0,0.0,0.0,0.0,0.0,0.0,0.0,0.0,0.0,0.0,0.0,0.0,0.0,0.0,0.0,0.0,0.0,0.0,0.0,1.0,300
0.34498545520595997,0.37572381260470705,0.16897337640880356,0.1501226005998131,-0.8351649957996993,-1.0823688816811352,-0.22938291453426152,0.0,0.0,0.0,0.0,0.0,0.0,0.0,0.0,0.0,0.0,0.0,0.0,0.0,0.0,0.0,0.0,0.0,0.0,0.0,1.0,220
-0.4550379592966111,-0.38027717513621845,-0.29159214457737126,0.1501226005998131,-1.0082402778465234,-0.12711093628283812,-0.12882853767031463,0.0,0.0,0.0,0.0,0.0,0.0,0.0,0.0,0.0,0.0,0.0,0.0,0.0,0.0,0.0,0.0,0.0,0.0,0.0,1.0,270
-0.49948370454675395,-0.3394122568799522,-0.508903731061203,-1.0059170435095761,-0.9715141033806464,-1.0823688816811352,-0.4908242943805234,0.0,0.0,0.0,0.0,0.0,0.0,0.0,0.0,0.0,0.0,0.0,0.0,0.0,0.0,0.0,0.0,0.0,0.0,0.0,1.0,60
-0.07724912467039699,-0.0329253699579554,0.010653978569805912,0.41690098000967213,-0.8399332107204425,-0.6047399089819867,0.011947589939211,0.0,0.0,0.0,0.0,0.0,0.0,0.0,0.0,0.0,0.0,0.0,0.0,0.0,0.0,0.0,0.0,0.0,0.0,0.0,1.0,290
-0.31058928723364687,-0.25768242036741973,-0.29159214457737126,-0.20558190527999895,-0.7901763420436796,-0.12711093628283812,-0.5813232335580756,0.0,0.0,0.0,0.0,0.0,0.0,0.0,0.0,0.0,0.0,0.0,0.0,0.0,0.0,0.0,0.0,0.0,0.0,0.0,1.0,160
0.7505528806135133,0.5187510265016388,-0.19955011530621442,-0.8280647905696701,-1.149867180568751,-0.6047399089819867,-0.2394383522206562,0.0,0.0,0.0,0.0,0.0,0.0,0.0,0.0,0.0,0.0,0.0,0.0,0.0,0.0,0.0,0.0,0.0,0.0,0.0,1.0,100
-0.33836787801498613,-0.27811487949555286,-0.24432731873542585,0.06119647412986008,-0.9009008442490293,-0.6047399089819867,0.5147194742589454,0.0,0.0,0.0,0.0,0.0,0.0,0.0,0.0,0.0,0.0,0.0,0.0,0.0,0.0,0.0,0.0,0.0,0.0,0.0,1.0,240
-0.5105951408592896,-0.3598447160080853,-0.5250732767439739,-1.0948431699795291,-1.013627268749348,-1.0823688816811352,-0.7019884857948119,0.0,0.0,0.0,0.0,0.0,0.0,0.0,0.0,0.0,0.0,0.0,0.0,0.0,0.0,0.0,0.0,0.0,0.0,0.0,1.0,50
-0.4772608319216825,-0.4007096342643516,-0.21163285273949367,0.6836793594195312,-0.8967514053103673,-0.6047399089819867,0.21305634366710477,0.0,0.0,0.0,0.0,0.0,0.0,0.0,0.0,0.0,0.0,0.0,0.0,0.0,0.0,0.0,0.0,0.0,0.0,0.0,1.0,320
0.3227625825808885,0.3552913534765739,0.3614087387652955,0.5947532329495782,-0.9140407342214592,-1.0823688816811352,0.31361072053105166,0.0,0.0,0.0,0.0,0.0,0.0,0.0,0.0,0.0,0.0,0.0,0.0,0.0,0.0,0.0,0.0,0.0,0.0,0.0,1.0,280
-0.1994749241082898,-0.135087665598621,-0.24183969632269187,-0.20558190527999895,-1.0308438004860772,-0.6047399089819867,0.11250196680315788,0.0,0.0,0.0,0.0,0.0,0.0,0.0,0.0,0.0,0.0,0.0,0.0,0.0,0.0,0.0,0.0,0.0,0.0,0.0,1.0,220
0.9283358616140847,0.6617782403985707,0.6860434636270785,0.41690098000967213,-0.8399332107204425,-0.12711093628283812,1.1180457354426268,0.0,0.0,0.0,0.0,0.0,0.0,0.0,0.0,0.0,0.0,0.0,0.0,0.0,0.0,0.0,0.0,0.0,0.0,0.0,1.0,310
0.2060925012992636,0.3552913534765739,-0.20950060495715028,-0.561286411159811,-0.9683838248830592,1.783404954513756,-0.4506025436349447,0.0,0.0,0.0,0.0,0.0,0.0,0.0,0.0,0.0,0.0,0.0,0.0,0.0,0.0,0.0,0.0,0.0,0.0,0.0,1.0,190
0.06164382923629937,-0.012492910829822275,-0.19031037491605965,-0.383434158219905,-1.058506726743824,-0.6047399089819867,0.4141650973949985,0.0,0.0,0.0,0.0,0.0,0.0,0.0,0.0,0.0,0.0,0.0,0.0,0.0,0.0,0.0,0.0,0.0,0.0,0.0,1.0,170
-0.11613915176427198,-0.1555201247267541,-0.20452536013168232,-0.20558190527999895,-0.8874333669919684,3.216291872611202,0.11250196680315788,0.0,0.0,0.0,0.0,0.0,0.0,0.0,0.0,0.0,0.0,0.0,0.0,0.0,0.0,0.0,0.0,0.0,0.0,0.0,1.0,300
0.42832122754997776,0.17139922132337582,-0.005160192482574278,-0.294508031749952,-1.1013478638561502,-0.12711093628283812,0.011947589939211,0.0,0.0,0.0,0.0,0.0,0.0,0.0,0.0,0.0,0.0,0.0,0.0,0.0,0.0,0.0,0.0,0.0,0.0,0.0,1.0,200
-0.46059367745287894,-0.3598447160080853,-0.5026846750293681,-1.0059170435095761,-1.0049644050002113,0.3505180364163104,-0.7422102365403906,0.0,0.0,0.0,0.0,0.0,0.0,0.0,0.0,0.0,0.0,0.0,0.0,0.0,0.0,0.0,0.0,0.0,0.0,0.0,1.0,70
-0.21058636042082549,-0.1555201247267541,-0.39074166645633945,-0.7391386640997171,-1.1030585974536689,1.3057759818146075,-0.25954922759344556,0.0,0.0,0.0,0.0,0.0,0.0,0.0,0.0,0.0,0.0,0.0,0.0,0.0,0.0,0.0,0.0,0.0,0.0,0.0,1.0,150
-0.6272652221409146,-0.5641693072894165,-0.5186765333969435,-0.9169909170396231,-0.9276902044144263,-0.12711093628283812,-0.5209906074397075,0.0,0.0,0.0,0.0,0.0,0.0,0.0,0.0,0.0,0.0,0.0,0.0,0.0,0.0,0.0,0.0,0.0,0.0,0.0,1.0,80
0.0949781381739065,0.007939548298310848,-0.07623511856068768,-0.11665577881004595,-0.6916089679568656,0.3505180364163104,-0.4506025436349447,0.0,0.0,0.0,0.0,0.0,0.0,0.0,0.0,0.0,0.0,0.0,0.0,0.0,0.0,0.0,0.0,0.0,0.0,0.0,1.0,220
-0.6772666855473253,-0.5437368481612834,-0.5282716484174889,-0.9169909170396231,-1.1252253370470477,1.3057759818146075,-0.29977097833902433,0.0,0.0,0.0,0.0,0.0,0.0,0.0,0.0,0.0,0.0,0.0,0.0,0.0,0.0,0.0,0.0,0.0,0.0,0.0,1.0,110
-0.4661493956091468,-0.4007096342643516,-0.5193872826577247,-1.0948431699795291,-1.1552541714715756,-0.12711093628283812,-0.7422102365403906,0.0,0.0,0.0,0.0,0.0,0.0,0.0,0.0,0.0,0.0,0.0,0.0,0.0,0.0,0.0,0.0,0.0,0.0,0.0,1.0,50
